"Position","Name","Salary","GameInfo","AvgPointsPerGame","teamAbbrev"
"WR","Antonio Brown",9800,"NYJ@Pit 01:00PM ET",23.725,"Pit"
"WR","Julio Jones",9600,"Atl@Den 04:05PM ET",23.700,"Atl"
"WR","A.J. Green",8900,"Cin@Dal 04:25PM ET",24.200,"Cin"
"WR","Odell Beckham Jr.",8500,"NYG@GB 08:30PM ET",13.825,"NYG"
"RB","David Johnson",7900,"Ari@SF 08:25PM ET",20.500,"Ari"
"WR","Jordy Nelson",7900,"NYG@GB 08:30PM ET",21.533,"GB"
"QB","Cam Newton",7900,"TB@Car 08:30PM ET",22.165,"Car"
"WR","Alshon Jeffery",7800,"Chi@Ind 01:00PM ET",12.925,"Chi"
"WR","DeAndre Hopkins",7700,"Hou@Min 01:00PM ET",13.675,"Hou"
"WR","Dez Bryant",7700,"Cin@Dal 04:25PM ET",11.667,"Dal"
"QB","Aaron Rodgers",7700,"NYG@GB 08:30PM ET",23.127,"GB"
"WR","Marvin Jones Jr.",7600,"Phi@Det 01:00PM ET",22.300,"Det"
"QB","Tom Brady",7500,"NE@Cle 01:00PM ET",0,"NE"
"RB","Le'Veon Bell",7500,"NYJ@Pit 01:00PM ET",25.800,"Pit"
"WR","Mike Evans",7500,"TB@Car 08:30PM ET",20.750,"TB"
"WR","T.Y. Hilton",7400,"Chi@Ind 01:00PM ET",18.400,"Ind"
"QB","Andrew Luck",7300,"Chi@Ind 01:00PM ET",21.870,"Ind"
"WR","Kelvin Benjamin",7300,"TB@Car 08:30PM ET",16.700,"Car"
"WR","Larry Fitzgerald",7200,"Ari@SF 08:25PM ET",17.875,"Ari"
"RB","DeMarco Murray",7200,"Ten@Mia 01:00PM ET",25.150,"Ten"
"QB","Ben Roethlisberger",7200,"NYJ@Pit 01:00PM ET",23.360,"Pit"
"WR","Amari Cooper",7200,"SD@Oak 04:25PM ET",14.200,"Oak"
"WR","Brandon Marshall",7100,"NYJ@Pit 01:00PM ET",12.475,"NYJ"
"QB","Matt Ryan",7100,"Atl@Den 04:05PM ET",29.655,"Atl"
"WR","Jarvis Landry",7000,"Ten@Mia 01:00PM ET",20.275,"Mia"
"RB","Melvin Gordon",7000,"SD@Oak 04:25PM ET",21.100,"SD"
"RB","C.J. Anderson",6900,"Atl@Den 04:05PM ET",16.375,"Den"
"WR","Demaryius Thomas",6900,"Atl@Den 04:05PM ET",17.550,"Den"
"QB","Philip Rivers",6900,"SD@Oak 04:25PM ET",19.375,"SD"
"WR","Michael Crabtree",6900,"SD@Oak 04:25PM ET",21.450,"Oak"
"WR","Jordan Matthews",6800,"Phi@Det 01:00PM ET",16.800,"Phi"
"WR","Emmanuel Sanders",6800,"Atl@Den 04:05PM ET",18.825,"Den"
"RB","Ezekiel Elliott",6800,"Cin@Dal 04:25PM ET",18.650,"Dal"
"QB","Derek Carr",6800,"SD@Oak 04:25PM ET",21.735,"Oak"
"QB","Carson Palmer",6700,"Ari@SF 08:25PM ET",16.775,"Ari"
"WR","Julian Edelman",6700,"NE@Cle 01:00PM ET",10.425,"NE"
"QB","Matthew Stafford",6600,"Phi@Det 01:00PM ET",21.580,"Det"
"TE","Jordan Reed",6600,"Was@Bal 01:00PM ET",15.825,"Was"
"RB","LeSean McCoy",6600,"Buf@LA 04:25PM ET",20.600,"Buf"
"TE","Rob Gronkowski",6500,"NE@Cle 01:00PM ET",1.050,"NE"
"RB","Todd Gurley",6500,"Buf@LA 04:25PM ET",11.850,"LA"
"WR","Travis Benjamin",6500,"SD@Oak 04:25PM ET",15.400,"SD"
"QB","Carson Wentz",6400,"Phi@Det 01:00PM ET",18.620,"Phi"
"RB","Lamar Miller",6300,"Hou@Min 01:00PM ET",14.725,"Hou"
"WR","Stefon Diggs",6300,"Hou@Min 01:00PM ET",18.500,"Min"
"TE","Greg Olsen",6300,"TB@Car 08:30PM ET",18.625,"Car"
"QB","Joe Flacco",6200,"Was@Bal 01:00PM ET",17.745,"Bal"
"RB","Matt Forte",6200,"NYJ@Pit 01:00PM ET",17.275,"NYJ"
"WR","Randall Cobb",6200,"NYG@GB 08:30PM ET",8.800,"GB"
"QB","Kirk Cousins",6100,"Was@Bal 01:00PM ET",18.795,"Was"
"RB","DeAngelo Williams",6100,"NYJ@Pit 01:00PM ET",19.400,"Pit"
"WR","Eric Decker",6000,"NYJ@Pit 01:00PM ET",14.467,"NYJ"
"QB","Tony Romo",6000,"Cin@Dal 04:25PM ET",0,"Dal"
"QB","Eli Manning",6000,"NYG@GB 08:30PM ET",16.010,"NYG"
"WR","DeSean Jackson",5900,"Was@Bal 01:00PM ET",12.075,"Was"
"QB","Andy Dalton",5900,"Cin@Dal 04:25PM ET",17.390,"Cin"
"RB","Eddie Lacy",5900,"NYG@GB 08:30PM ET",9.433,"GB"
"WR","Terrelle Pryor Sr.",5800,"NE@Cle 01:00PM ET",16.475,"Cle"
"WR","Will Fuller",5800,"Hou@Min 01:00PM ET",18.825,"Hou"
"QB","Jameis Winston",5800,"TB@Car 08:30PM ET",19.930,"TB"
"RB","Frank Gore",5700,"Chi@Ind 01:00PM ET",15.725,"Ind"
"WR","Donte Moncrief",5700,"Chi@Ind 01:00PM ET",10.150,"Ind"
"QB","Ryan Tannehill",5700,"Ten@Mia 01:00PM ET",19.410,"Mia"
"RB","LeGarrette Blount",5600,"NE@Cle 01:00PM ET",16.900,"NE"
"QB","Dak Prescott",5600,"Cin@Dal 04:25PM ET",17.545,"Dal"
"QB","Brian Hoyer",5500,"Chi@Ind 01:00PM ET",16.260,"Chi"
"WR","Sterling Shepard",5500,"NYG@GB 08:30PM ET",15.325,"NYG"
"QB","Derek Anderson",5500,"TB@Car 08:30PM ET",7.500,"Car"
"RB","Charles Sims",5500,"TB@Car 08:30PM ET",11.950,"TB"
"QB","Marcus Mariota",5400,"Ten@Mia 01:00PM ET",13.300,"Ten"
"QB","Jay Cutler",5300,"Chi@Ind 01:00PM ET",8.560,"Chi"
"WR","Steve Smith Sr.",5300,"Was@Bal 01:00PM ET",15.275,"Bal"
"QB","Brock Osweiler",5300,"Hou@Min 01:00PM ET",13.940,"Hou"
"RB","Doug Martin",5300,"TB@Car 08:30PM ET",8.450,"TB"
"QB","Jimmy Garoppolo",5200,"NE@Cle 01:00PM ET",18.670,"NE"
"RB","Jordan Howard",5200,"Chi@Ind 01:00PM ET",12.500,"Chi"
"QB","Trevor Siemian",5200,"Atl@Den 04:05PM ET",15.540,"Den"
"QB","Paxton Lynch",5200,"Atl@Den 04:05PM ET",10.400,"Den"
"QB","Tyrod Taylor",5200,"Buf@LA 04:25PM ET",16.230,"Buf"
"WR","Mike Wallace",5100,"Was@Bal 01:00PM ET",14.225,"Bal"
"QB","Sam Bradford",5100,"Hou@Min 01:00PM ET",14.953,"Min"
"QB","Ryan Fitzpatrick",5100,"NYJ@Pit 01:00PM ET",13.945,"NYJ"
"QB","Drew Stanton",5000,"Ari@SF 08:25PM ET",-0.040,"Ari"
"QB","Colin Kaepernick",5000,"Ari@SF 08:25PM ET",0.000,"SF"
"QB","Christian Ponder",5000,"Ari@SF 08:25PM ET",0,"SF"
"QB","Blaine Gabbert",5000,"Ari@SF 08:25PM ET",14.180,"SF"
"QB","Josh McCown",5000,"NE@Cle 01:00PM ET",16.400,"Cle"
"QB","Charlie Whitehurst",5000,"NE@Cle 01:00PM ET",0,"Cle"
"QB","Cody Kessler",5000,"NE@Cle 01:00PM ET",11.390,"Cle"
"QB","Jacoby Brissett",5000,"NE@Cle 01:00PM ET",9.767,"NE"
"QB","Dan Orlovsky",5000,"Phi@Det 01:00PM ET",0,"Det"
"QB","Chase Daniel",5000,"Phi@Det 01:00PM ET",0,"Phi"
"QB","Scott Tolzien",5000,"Chi@Ind 01:00PM ET",0,"Ind"
"QB","Matt Barkley",5000,"Chi@Ind 01:00PM ET",0,"Chi"
"QB","Matt Cassel",5000,"Ten@Mia 01:00PM ET",-0.100,"Ten"
"QB","Matt Moore",5000,"Ten@Mia 01:00PM ET",0,"Mia"
"WR","DeVante Parker",5000,"Ten@Mia 01:00PM ET",13.233,"Mia"
"QB","Colt McCoy",5000,"Was@Bal 01:00PM ET",0,"Was"
"QB","Ryan Mallett",5000,"Was@Bal 01:00PM ET",0,"Bal"
"QB","Nate Sudfeld",5000,"Was@Bal 01:00PM ET",0,"Was"
"QB","Shaun Hill",5000,"Hou@Min 01:00PM ET",10.240,"Min"
"QB","Brandon Weeden",5000,"Hou@Min 01:00PM ET",0,"Hou"
"QB","Tom Savage",5000,"Hou@Min 01:00PM ET",0,"Hou"
"QB","Landry Jones",5000,"NYJ@Pit 01:00PM ET",0.000,"Pit"
"QB","Zach Mettenberger",5000,"NYJ@Pit 01:00PM ET",0,"Pit"
"QB","Bryce Petty",5000,"NYJ@Pit 01:00PM ET",0,"NYJ"
"QB","Geno Smith",5000,"NYJ@Pit 01:00PM ET",0,"NYJ"
"QB","Christian Hackenberg",5000,"NYJ@Pit 01:00PM ET",0,"NYJ"
"QB","Matt Schaub",5000,"Atl@Den 04:05PM ET",0.000,"Atl"
"QB","Austin Davis",5000,"Atl@Den 04:05PM ET",0,"Den"
"RB","Devonta Freeman",5000,"Atl@Den 04:05PM ET",16.600,"Atl"
"QB","Mark Sanchez",5000,"Cin@Dal 04:25PM ET",0,"Dal"
"QB","AJ McCarron",5000,"Cin@Dal 04:25PM ET",0,"Cin"
"QB","Jeff Driskel",5000,"Cin@Dal 04:25PM ET",0,"Cin"
"QB","Case Keenum",5000,"Buf@LA 04:25PM ET",12.000,"LA"
"QB","EJ Manuel",5000,"Buf@LA 04:25PM ET",0.600,"Buf"
"QB","Sean Mannion",5000,"Buf@LA 04:25PM ET",0,"LA"
"QB","Cardale Jones",5000,"Buf@LA 04:25PM ET",0,"Buf"
"QB","Jared Goff",5000,"Buf@LA 04:25PM ET",0.000,"LA"
"QB","Kellen Clemens",5000,"SD@Oak 04:25PM ET",-0.100,"SD"
"QB","Matt McGloin",5000,"SD@Oak 04:25PM ET",0.000,"Oak"
"QB","Connor Cook",5000,"SD@Oak 04:25PM ET",0,"Oak"
"QB","Josh Johnson",5000,"NYG@GB 08:30PM ET",0,"NYG"
"QB","Ryan Nassib",5000,"NYG@GB 08:30PM ET",0,"NYG"
"QB","Brett Hundley",5000,"NYG@GB 08:30PM ET",0,"GB"
"QB","Joe Callahan",5000,"NYG@GB 08:30PM ET",0,"GB"
"QB","Joe Webb",5000,"TB@Car 08:30PM ET",0.433,"Car"
"QB","Mike Glennon",5000,"TB@Car 08:30PM ET",0,"TB"
"QB","Ryan Griffin",5000,"TB@Car 08:30PM ET",0,"TB"
"WR","Michael Floyd",4900,"Ari@SF 08:25PM ET",10.250,"Ari"
"RB","Theo Riddick",4900,"Phi@Det 01:00PM ET",14.975,"Det"
"WR","Golden Tate",4900,"Phi@Det 01:00PM ET",6.225,"Det"
"RB","Carlos Hyde",4800,"Ari@SF 08:25PM ET",18.475,"SF"
"RB","Isaiah Crowell",4800,"NE@Cle 01:00PM ET",18.675,"Cle"
"WR","Phillip Dorsett",4800,"Chi@Ind 01:00PM ET",9.200,"Ind"
"RB","Terrance West",4800,"Was@Bal 01:00PM ET",9.775,"Bal"
"WR","Mohamed Sanu",4800,"Atl@Den 04:05PM ET",9.050,"Atl"
"RB","Arian Foster",4700,"Ten@Mia 01:00PM ET",6.950,"Mia"
"TE","Delanie Walker",4700,"Ten@Mia 01:00PM ET",10.967,"Ten"
"WR","Tyrell Williams",4700,"SD@Oak 04:25PM ET",11.525,"SD"
"WR","Corey Coleman",4600,"NE@Cle 01:00PM ET",19.650,"Cle"
"RB","Ryan Mathews",4600,"Phi@Det 01:00PM ET",9.900,"Phi"
"WR","Jamison Crowder",4600,"Was@Bal 01:00PM ET",12.400,"Was"
"WR","Quincy Enunwa",4600,"NYJ@Pit 01:00PM ET",13.325,"NYJ"
"RB","Matt Jones",4500,"Was@Bal 01:00PM ET",13.125,"Was"
"RB","Rashad Jennings",4500,"NYG@GB 08:30PM ET",7.400,"NYG"
"WR","Victor Cruz",4500,"NYG@GB 08:30PM ET",11.375,"NYG"
"RB","Jonathan Stewart",4500,"TB@Car 08:30PM ET",5.000,"Car"
"WR","John Brown",4400,"Ari@SF 08:25PM ET",11.150,"Ari"
"WR","Tajae Sharpe",4400,"Ten@Mia 01:00PM ET",8.300,"Ten"
"RB","Giovani Bernard",4400,"Cin@Dal 04:25PM ET",12.575,"Cin"
"TE","Jason Witten",4400,"Cin@Dal 04:25PM ET",9.975,"Dal"
"RB","Darren Sproles",4300,"Phi@Det 01:00PM ET",13.367,"Phi"
"RB","Jeremy Langford",4300,"Chi@Ind 01:00PM ET",10.100,"Chi"
"WR","Cole Beasley",4300,"Cin@Dal 04:25PM ET",12.900,"Dal"
"WR","Eddie Royal",4200,"Chi@Ind 01:00PM ET",15.775,"Chi"
"RB","Jeremy Hill",4200,"Cin@Dal 04:25PM ET",11.700,"Cin"
"TE","Tyler Eifert",4200,"Cin@Dal 04:25PM ET",0,"Cin"
"RB","Latavius Murray",4200,"SD@Oak 04:25PM ET",12.875,"Oak"
"RB","Duke Johnson Jr.",4100,"NE@Cle 01:00PM ET",10.825,"Cle"
"WR","Chris Hogan",4100,"NE@Cle 01:00PM ET",6.550,"NE"
"TE","Dennis Pitta",4100,"Was@Bal 01:00PM ET",11.000,"Bal"
"RB","Tevin Coleman",4100,"Atl@Den 04:05PM ET",17.000,"Atl"
"WR","Dontrelle Inman",4100,"SD@Oak 04:25PM ET",9.375,"SD"
"RB","Fozzy Whittaker",4100,"TB@Car 08:30PM ET",12.400,"Car"
"WR","Anquan Boldin",4000,"Phi@Det 01:00PM ET",10.650,"Det"
"RB","Jerick McKinnon",4000,"Hou@Min 01:00PM ET",7.300,"Min"
"RB","Bilal Powell",4000,"NYJ@Pit 01:00PM ET",8.550,"NYJ"
"TE","Antonio Gates",4000,"SD@Oak 04:25PM ET",7.750,"SD"
"WR","Torrey Smith",3900,"Ari@SF 08:25PM ET",6.400,"SF"
"RB","James White",3900,"NE@Cle 01:00PM ET",6.975,"NE"
"WR","Danny Amendola",3900,"NE@Cle 01:00PM ET",7.975,"NE"
"WR","Pierre Garcon",3900,"Was@Bal 01:00PM ET",8.600,"Was"
"WR","Markus Wheaton",3900,"NYJ@Pit 01:00PM ET",6.600,"Pit"
"WR","Robert Woods",3900,"Buf@LA 04:25PM ET",8.750,"Buf"
"WR","Davante Adams",3900,"NYG@GB 08:30PM ET",9.633,"GB"
"RB","Chris Johnson",3800,"Ari@SF 08:25PM ET",3.875,"Ari"
"RB","Dwayne Washington",3800,"Phi@Det 01:00PM ET",4.025,"Det"
"WR","Kevin White",3800,"Chi@Ind 01:00PM ET",9.650,"Chi"
"DST","Broncos ",3800,"Atl@Den 04:05PM ET",13.000,"Den"
"WR","Terrance Williams",3800,"Cin@Dal 04:25PM ET",8.150,"Dal"
"WR","Jeremy Kerley",3700,"Ari@SF 08:25PM ET",11.050,"SF"
"DST","Cardinals ",3700,"Ari@SF 08:25PM ET",10.250,"Ari"
"TE","Martellus Bennett",3700,"NE@Cle 01:00PM ET",13.075,"NE"
"DST","Patriots ",3700,"NE@Cle 01:00PM ET",8.000,"NE"
"WR","Kenny Britt",3700,"Buf@LA 04:25PM ET",11.275,"LA"
"WR","Tavon Austin",3700,"Buf@LA 04:25PM ET",10.075,"LA"
"RB","Orleans Darkwa",3700,"NYG@GB 08:30PM ET",6.300,"NYG"
"TE","Zach Miller",3600,"Chi@Ind 01:00PM ET",12.900,"Chi"
"WR","Kenny Stills",3600,"Ten@Mia 01:00PM ET",10.375,"Mia"
"RB","Kenneth Dixon",3600,"Was@Bal 01:00PM ET",0,"Bal"
"TE","Kyle Rudolph",3600,"Hou@Min 01:00PM ET",14.775,"Min"
"WR","Sammie Coates",3600,"NYJ@Pit 01:00PM ET",10.425,"Pit"
"RB","Alfred Morris",3600,"Cin@Dal 04:25PM ET",5.675,"Dal"
"WR","Ted Ginn Jr.",3600,"TB@Car 08:30PM ET",5.800,"Car"
"WR","Devin Funchess",3600,"TB@Car 08:30PM ET",4.850,"Car"
"WR","Jaron Brown",3500,"Ari@SF 08:25PM ET",7.050,"Ari"
"WR","Nelson Agholor",3500,"Phi@Det 01:00PM ET",9.667,"Phi"
"TE","Zach Ertz",3500,"Phi@Det 01:00PM ET",11.800,"Phi"
"RB","Jay Ajayi",3500,"Ten@Mia 01:00PM ET",7.633,"Mia"
"RB","Justin Forsett",3500,"Was@Bal 01:00PM ET",8.133,"Bal"
"RB","Matt Asiata",3500,"Hou@Min 01:00PM ET",4.375,"Min"
"DST","Steelers ",3500,"NYJ@Pit 01:00PM ET",4.750,"Pit"
"WR","Brice Butler",3500,"Cin@Dal 04:25PM ET",4.425,"Dal"
"RB","Wendell Smallwood",3400,"Phi@Det 01:00PM ET",5.200,"Phi"
"TE","Eric Ebron",3400,"Phi@Det 01:00PM ET",11.250,"Det"
"RB","Derrick Henry",3400,"Ten@Mia 01:00PM ET",4.425,"Ten"
"DST","Vikings ",3400,"Hou@Min 01:00PM ET",16.750,"Min"
"RB","Dexter McCluster",3400,"SD@Oak 04:25PM ET",3.000,"SD"
"RB","DeAndre Washington",3400,"SD@Oak 04:25PM ET",5.850,"Oak"
"WR","Seth Roberts",3400,"SD@Oak 04:25PM ET",9.075,"Oak"
"RB","James Starks",3400,"NYG@GB 08:30PM ET",2.333,"GB"
"RB","Shaun Draughn",3300,"Ari@SF 08:25PM ET",4.175,"SF"
"WR","Rishard Matthews",3300,"Ten@Mia 01:00PM ET",7.500,"Ten"
"RB","Chris Thompson",3300,"Was@Bal 01:00PM ET",8.825,"Was"
"WR","Eli Rogers",3300,"NYJ@Pit 01:00PM ET",8.333,"Pit"
"RB","Jalen Richard",3300,"SD@Oak 04:25PM ET",7.325,"Oak"
"TE","Hunter Henry",3300,"SD@Oak 04:25PM ET",7.575,"SD"
"RB","Bobby Rainey",3300,"NYG@GB 08:30PM ET",5.633,"NYG"
"RB","Paul Perkins",3300,"NYG@GB 08:30PM ET",5.000,"NYG"
"RB","Cameron Artis-Payne",3300,"TB@Car 08:30PM ET",4.000,"Car"
"DST","Panthers ",3300,"TB@Car 08:30PM ET",8.000,"Car"
"RB","Andre Ellington",3200,"Ari@SF 08:25PM ET",1.575,"Ari"
"TE","Gary Barnidge",3200,"NE@Cle 01:00PM ET",8.500,"Cle"
"WR","Dorial Green-Beckham",3200,"Phi@Det 01:00PM ET",4.500,"Phi"
"RB","Joique Bell",3200,"Chi@Ind 01:00PM ET",0.600,"Chi"
"RB","Kenyan Drake",3200,"Ten@Mia 01:00PM ET",4.525,"Mia"
"WR","Andre Johnson",3200,"Ten@Mia 01:00PM ET",5.050,"Ten"
"WR","Brandon LaFell",3200,"Cin@Dal 04:25PM ET",8.400,"Cin"
"RB","Benny Cunningham",3200,"Buf@LA 04:25PM ET",2.150,"LA"
"WR","Brian Quick",3200,"Buf@LA 04:25PM ET",10.325,"LA"
"DST","Rams ",3200,"Buf@LA 04:25PM ET",10.250,"LA"
"DST","Packers ",3200,"NYG@GB 08:30PM ET",5.667,"GB"
"WR","Vincent Jackson",3200,"TB@Car 08:30PM ET",6.425,"TB"
"WR","Corey Brown",3200,"TB@Car 08:30PM ET",8.025,"Car"
"RB","Ka'Deem Carey",3100,"Chi@Ind 01:00PM ET",1.000,"Chi"
"TE","Dwayne Allen",3100,"Chi@Ind 01:00PM ET",8.075,"Ind"
"RB","Alfred Blue",3100,"Hou@Min 01:00PM ET",1.500,"Hou"
"WR","Jaelen Strong",3100,"Hou@Min 01:00PM ET",2.650,"Hou"
"WR","Adam Thielen",3100,"Hou@Min 01:00PM ET",6.875,"Min"
"WR","Robby Anderson",3100,"NYJ@Pit 01:00PM ET",2.150,"NYJ"
"WR","Jalin Marshall",3100,"NYJ@Pit 01:00PM ET",3.133,"NYJ"
"WR","Tyler Boyd",3100,"Cin@Dal 04:25PM ET",6.000,"Cin"
"DST","Bills ",3100,"Buf@LA 04:25PM ET",13.000,"Buf"
"RB","DuJuan Harris",3000,"Ari@SF 08:25PM ET",0,"SF"
"RB","Stepfan Taylor",3000,"Ari@SF 08:25PM ET",0.000,"Ari"
"RB","Mike Davis",3000,"Ari@SF 08:25PM ET",0.525,"SF"
"WR","Keshawn Martin",3000,"Ari@SF 08:25PM ET",0,"SF"
"WR","Rod Streater",3000,"Ari@SF 08:25PM ET",1.300,"SF"
"WR","J.J. Nelson",3000,"Ari@SF 08:25PM ET",1.833,"Ari"
"WR","Quinton Patton",3000,"Ari@SF 08:25PM ET",5.150,"SF"
"WR","Aaron Burbridge",3000,"Ari@SF 08:25PM ET",0.375,"SF"
"RB","James Develin",3000,"NE@Cle 01:00PM ET",0.000,"NE"
"RB","Brandon Bolden",3000,"NE@Cle 01:00PM ET",0.975,"NE"
"RB","Malcolm Johnson",3000,"NE@Cle 01:00PM ET",1.375,"Cle"
"RB","George Atkinson III",3000,"NE@Cle 01:00PM ET",0.000,"Cle"
"RB","D.J. Foster",3000,"NE@Cle 01:00PM ET",1.900,"NE"
"WR","Matthew Slater",3000,"NE@Cle 01:00PM ET",0.000,"NE"
"WR","Andrew Hawkins",3000,"NE@Cle 01:00PM ET",3.750,"Cle"
"WR","Malcolm Mitchell",3000,"NE@Cle 01:00PM ET",2.875,"NE"
"WR","Jordan Payton",3000,"NE@Cle 01:00PM ET",0.000,"Cle"
"WR","Ricardo Louis",3000,"NE@Cle 01:00PM ET",3.200,"Cle"
"WR","Rashard Higgins",3000,"NE@Cle 01:00PM ET",0.000,"Cle"
"RB","Kenjon Barner",3000,"Phi@Det 01:00PM ET",4.867,"Phi"
"RB","Michael Burton",3000,"Phi@Det 01:00PM ET",0.000,"Det"
"RB","Zach Zenner",3000,"Phi@Det 01:00PM ET",2.200,"Det"
"WR","Andre Roberts",3000,"Phi@Det 01:00PM ET",2.400,"Det"
"WR","Aaron Dobson",3000,"Phi@Det 01:00PM ET",0,"Det"
"WR","Josh Huff",3000,"Phi@Det 01:00PM ET",2.300,"Phi"
"WR","Bryce Treggs",3000,"Phi@Det 01:00PM ET",0,"Phi"
"RB","Robert Turbin",3000,"Chi@Ind 01:00PM ET",5.075,"Ind"
"RB","Jordan Todman",3000,"Chi@Ind 01:00PM ET",0.000,"Ind"
"RB","Josh Ferguson",3000,"Chi@Ind 01:00PM ET",7.300,"Ind"
"RB","Raheem Mostert",3000,"Chi@Ind 01:00PM ET",0.000,"Chi"
"WR","Deonte Thompson",3000,"Chi@Ind 01:00PM ET",0.000,"Chi"
"WR","Devin Street",3000,"Chi@Ind 01:00PM ET",0,"Ind"
"WR","Joshua Bellamy",3000,"Chi@Ind 01:00PM ET",0.000,"Chi"
"WR","Cameron Meredith",3000,"Chi@Ind 01:00PM ET",5.100,"Chi"
"WR","Quan Bray",3000,"Chi@Ind 01:00PM ET",0.425,"Ind"
"WR","Chester Rogers",3000,"Chi@Ind 01:00PM ET",1.967,"Ind"
"RB","Isaiah Pead",3000,"Ten@Mia 01:00PM ET",1.900,"Mia"
"RB","Jalston Fowler",3000,"Ten@Mia 01:00PM ET",0.600,"Ten"
"RB","Antonio Andrews",3000,"Ten@Mia 01:00PM ET",0.000,"Ten"
"RB","Damien Williams",3000,"Ten@Mia 01:00PM ET",6.267,"Mia"
"WR","Harry Douglas",3000,"Ten@Mia 01:00PM ET",2.700,"Ten"
"WR","Marc Mariani",3000,"Ten@Mia 01:00PM ET",0.000,"Ten"
"WR","Kendall Wright",3000,"Ten@Mia 01:00PM ET",3.400,"Ten"
"WR","Jakeem Grant",3000,"Ten@Mia 01:00PM ET",0.000,"Mia"
"WR","Leonte Carroo",3000,"Ten@Mia 01:00PM ET",0.850,"Mia"
"RB","Kyle Juszczyk",3000,"Was@Bal 01:00PM ET",4.725,"Bal"
"RB","Javorius Allen",3000,"Was@Bal 01:00PM ET",4.800,"Bal"
"RB","Rob Kelley",3000,"Was@Bal 01:00PM ET",0.550,"Was"
"WR","Devin Hester",3000,"Was@Bal 01:00PM ET",-0.250,"Bal"
"WR","Kamar Aiken",3000,"Was@Bal 01:00PM ET",2.200,"Bal"
"WR","Ryan Grant",3000,"Was@Bal 01:00PM ET",0.375,"Was"
"WR","Josh Doctson",3000,"Was@Bal 01:00PM ET",4.300,"Was"
"WR","Rashad Ross",3000,"Was@Bal 01:00PM ET",0.000,"Was"
"WR","Chris Moore",3000,"Was@Bal 01:00PM ET",1.750,"Bal"
"WR","Breshad Perriman",3000,"Was@Bal 01:00PM ET",4.875,"Bal"
"DST","Ravens ",3000,"Was@Bal 01:00PM ET",8.000,"Bal"
"RB","Zach Line",3000,"Hou@Min 01:00PM ET",0.150,"Min"
"RB","Jonathan Grimes",3000,"Hou@Min 01:00PM ET",3.000,"Hou"
"RB","Ronnie Hillman",3000,"Hou@Min 01:00PM ET",0,"Min"
"RB","Jay Prosch",3000,"Hou@Min 01:00PM ET",0.450,"Hou"
"RB","Tyler Ervin",3000,"Hou@Min 01:00PM ET",0.200,"Hou"
"WR","Charles Johnson",3000,"Hou@Min 01:00PM ET",3.500,"Min"
"WR","Jarius Wright",3000,"Hou@Min 01:00PM ET",0.000,"Min"
"WR","Keith Mumphery",3000,"Hou@Min 01:00PM ET",0.000,"Hou"
"WR","Braxton Miller",3000,"Hou@Min 01:00PM ET",1.350,"Hou"
"WR","Cordarrelle Patterson",3000,"Hou@Min 01:00PM ET",3.250,"Min"
"WR","Laquon Treadwell",3000,"Hou@Min 01:00PM ET",0.000,"Min"
"DST","Texans ",3000,"Hou@Min 01:00PM ET",8.250,"Hou"
"RB","Fitzgerald Toussaint",3000,"NYJ@Pit 01:00PM ET",0.725,"Pit"
"RB","Roosevelt Nix",3000,"NYJ@Pit 01:00PM ET",0,"Pit"
"RB","Troymaine Pope",3000,"NYJ@Pit 01:00PM ET",0,"NYJ"
"WR","Darrius Heyward-Bey",3000,"NYJ@Pit 01:00PM ET",2.950,"Pit"
"WR","Jeremy Ross",3000,"NYJ@Pit 01:00PM ET",0.000,"NYJ"
"WR","Charone Peake",3000,"NYJ@Pit 01:00PM ET",3.000,"NYJ"
"RB","Patrick DiMarco",3000,"Atl@Den 04:05PM ET",1.150,"Atl"
"RB","Kapri Bibbs",3000,"Atl@Den 04:05PM ET",0.925,"Den"
"RB","Andy Janovich",3000,"Atl@Den 04:05PM ET",3.350,"Den"
"RB","Devontae Booker",3000,"Atl@Den 04:05PM ET",3.100,"Den"
"WR","Eric Weems",3000,"Atl@Den 04:05PM ET",0.000,"Atl"
"WR","Jordan Norwood",3000,"Atl@Den 04:05PM ET",2.475,"Den"
"WR","Aldrick Robinson",3000,"Atl@Den 04:05PM ET",5.275,"Atl"
"WR","Bennie Fowler",3000,"Atl@Den 04:05PM ET",1.150,"Den"
"WR","Jordan Taylor",3000,"Atl@Den 04:05PM ET",1.225,"Den"
"WR","Justin Hardy",3000,"Atl@Den 04:05PM ET",4.850,"Atl"
"WR","Cody Latimer",3000,"Atl@Den 04:05PM ET",1.300,"Den"
"WR","Taylor Gabriel",3000,"Atl@Den 04:05PM ET",5.700,"Atl"
"TE","Jacob Tamme",3000,"Atl@Den 04:05PM ET",10.925,"Atl"
"RB","Lance Dunbar",3000,"Cin@Dal 04:25PM ET",4.375,"Dal"
"RB","Rex Burkhead",3000,"Cin@Dal 04:25PM ET",0.000,"Cin"
"RB","Rod Smith",3000,"Cin@Dal 04:25PM ET",0.000,"Dal"
"RB","Keith Smith",3000,"Cin@Dal 04:25PM ET",1.100,"Dal"
"RB","Darius Jackson",3000,"Cin@Dal 04:25PM ET",0,"Dal"
"WR","James Wright",3000,"Cin@Dal 04:25PM ET",1.275,"Cin"
"WR","Alex Erickson",3000,"Cin@Dal 04:25PM ET",0.750,"Cin"
"WR","Cody Core",3000,"Cin@Dal 04:25PM ET",0,"Cin"
"WR","Lucky Whitehead",3000,"Cin@Dal 04:25PM ET",0.275,"Dal"
"RB","Reggie Bush",3000,"Buf@LA 04:25PM ET",-0.200,"Buf"
"RB","Jerome Felton",3000,"Buf@LA 04:25PM ET",0.567,"Buf"
"RB","Chase Reynolds",3000,"Buf@LA 04:25PM ET",0.000,"LA"
"RB","Mike Gillislee",3000,"Buf@LA 04:25PM ET",4.175,"Buf"
"RB","Malcolm Brown",3000,"Buf@LA 04:25PM ET",0.575,"LA"
"RB","Jonathan Williams",3000,"Buf@LA 04:25PM ET",0.200,"Buf"
"WR","Brandon Tate",3000,"Buf@LA 04:25PM ET",0.100,"Buf"
"WR","Greg Salas",3000,"Buf@LA 04:25PM ET",9.450,"Buf"
"WR","Marquise Goodwin",3000,"Buf@LA 04:25PM ET",6.500,"Buf"
"WR","Justin Hunter",3000,"Buf@LA 04:25PM ET",0.000,"Buf"
"WR","Walt Powell",3000,"Buf@LA 04:25PM ET",4.000,"Buf"
"WR","Bradley Marquez",3000,"Buf@LA 04:25PM ET",0.550,"LA"
"WR","Nelson Spruce",3000,"Buf@LA 04:25PM ET",0,"LA"
"WR","Pharoh Cooper",3000,"Buf@LA 04:25PM ET",0,"LA"
"WR","Mike Thomas",3000,"Buf@LA 04:25PM ET",0.000,"LA"
"RB","Taiwan Jones",3000,"SD@Oak 04:25PM ET",0.967,"Oak"
"RB","Jamize Olawale",3000,"SD@Oak 04:25PM ET",3.025,"Oak"
"RB","Derek Watt",3000,"SD@Oak 04:25PM ET",0.400,"SD"
"RB","Kenneth Farrow",3000,"SD@Oak 04:25PM ET",0.433,"SD"
"WR","Griff Whalen",3000,"SD@Oak 04:25PM ET",0.000,"SD"
"WR","Andre Holmes",3000,"SD@Oak 04:25PM ET",2.350,"Oak"
"WR","Johnny Holton",3000,"SD@Oak 04:25PM ET",0.750,"Oak"
"RB","Aaron Ripkowski",3000,"NYG@GB 08:30PM ET",0.000,"GB"
"WR","Dwayne Harris",3000,"NYG@GB 08:30PM ET",-0.250,"NYG"
"WR","Tavarres King",3000,"NYG@GB 08:30PM ET",0.000,"NYG"
"WR","Jared Abbrederis",3000,"NYG@GB 08:30PM ET",0.600,"GB"
"WR","Ty Montgomery",3000,"NYG@GB 08:30PM ET",-0.033,"GB"
"WR","Trevor Davis",3000,"NYG@GB 08:30PM ET",0.000,"GB"
"WR","Jeff Janis",3000,"NYG@GB 08:30PM ET",0.000,"GB"
"WR","Roger Lewis",3000,"NYG@GB 08:30PM ET",0.000,"NYG"
"RB","Mike Tolbert",3000,"TB@Car 08:30PM ET",2.250,"Car"
"RB","Jacquizz Rodgers",3000,"TB@Car 08:30PM ET",3.367,"TB"
"RB","Peyton Barber",3000,"TB@Car 08:30PM ET",0.000,"TB"
"WR","Russell Shepard",3000,"TB@Car 08:30PM ET",1.525,"TB"
"WR","Cecil Shorts III",3000,"TB@Car 08:30PM ET",1.100,"TB"
"WR","Freddie Martino",3000,"TB@Car 08:30PM ET",0.000,"TB"
"WR","Adam Humphries",3000,"TB@Car 08:30PM ET",10.800,"TB"
"WR","Damiere Byrd",3000,"TB@Car 08:30PM ET",0,"Car"
"DST","Eagles ",2900,"Phi@Det 01:00PM ET",12.667,"Phi"
"TE","Jordan Cameron",2900,"Ten@Mia 01:00PM ET",6.667,"Mia"
"DST","Dolphins ",2900,"Ten@Mia 01:00PM ET",6.000,"Mia"
"TE","Jesse James",2900,"NYJ@Pit 01:00PM ET",8.125,"Pit"
"TE","Richard Rodgers",2900,"NYG@GB 08:30PM ET",5.533,"GB"
"TE","Cameron Brate",2900,"TB@Car 08:30PM ET",10.975,"TB"
"DST","Jets ",2800,"NYJ@Pit 01:00PM ET",4.500,"NYJ"
"TE","Virgil Green",2800,"Atl@Den 04:05PM ET",7.200,"Den"
"DST","Bengals ",2800,"Cin@Dal 04:25PM ET",7.000,"Cin"
"TE","Vance McDonald",2700,"Ari@SF 08:25PM ET",8.767,"SF"
"TE","Brent Celek",2700,"Phi@Det 01:00PM ET",3.733,"Phi"
"TE","Trey Burton",2700,"Phi@Det 01:00PM ET",9.900,"Phi"
"DST","Redskins ",2700,"Was@Bal 01:00PM ET",5.250,"Was"
"DST","Cowboys ",2700,"Cin@Dal 04:25PM ET",4.750,"Dal"
"TE","Lance Kendricks",2700,"Buf@LA 04:25PM ET",5.950,"LA"
"TE","Charles Clay",2700,"Buf@LA 04:25PM ET",5.850,"Buf"
"TE","Clive Walford",2700,"SD@Oak 04:25PM ET",7.875,"Oak"
"TE","Garrett Celek",2600,"Ari@SF 08:25PM ET",5.775,"SF"
"DST","49ers ",2600,"Ari@SF 08:25PM ET",6.750,"SF"
"TE","Jack Doyle",2600,"Chi@Ind 01:00PM ET",10.075,"Ind"
"DST","Colts ",2600,"Chi@Ind 01:00PM ET",3.250,"Ind"
"TE","Larry Donnell",2600,"NYG@GB 08:30PM ET",4.750,"NYG"
"TE","Will Tye",2600,"NYG@GB 08:30PM ET",5.075,"NYG"
"DST","Giants ",2600,"NYG@GB 08:30PM ET",4.500,"NYG"
"TE","Darren Fells",2500,"Ari@SF 08:25PM ET",3.325,"Ari"
"TE","Kyle Nelson",2500,"Ari@SF 08:25PM ET",0.000,"SF"
"TE","Jermaine Gresham",2500,"Ari@SF 08:25PM ET",2.025,"Ari"
"TE","Ifeanyi Momah",2500,"Ari@SF 08:25PM ET",0.000,"Ari"
"TE","Blake Bell",2500,"Ari@SF 08:25PM ET",0.400,"SF"
"TE","Clay Harbor",2500,"NE@Cle 01:00PM ET",0.000,"NE"
"TE","Greg Scruggs",2500,"NE@Cle 01:00PM ET",0.000,"NE"
"TE","A.J. Derby",2500,"NE@Cle 01:00PM ET",0.000,"NE"
"TE","Randall Telfer",2500,"NE@Cle 01:00PM ET",0.000,"Cle"
"TE","Seth DeValve",2500,"NE@Cle 01:00PM ET",0.000,"Cle"
"TE","Orson Charles",2500,"Phi@Det 01:00PM ET",0.000,"Det"
"TE","Cole Wick",2500,"Phi@Det 01:00PM ET",1.267,"Det"
"TE","Khari Lee",2500,"Phi@Det 01:00PM ET",0.000,"Det"
"DST","Lions ",2500,"Phi@Det 01:00PM ET",4.500,"Det"
"TE","Logan Paulsen",2500,"Chi@Ind 01:00PM ET",0.750,"Chi"
"TE","Patrick Scales",2500,"Chi@Ind 01:00PM ET",0.000,"Chi"
"TE","Erik Swoope",2500,"Chi@Ind 01:00PM ET",0.000,"Ind"
"TE","Ben Braunecker",2500,"Chi@Ind 01:00PM ET",0.000,"Chi"
"TE","Anthony Fasano",2500,"Ten@Mia 01:00PM ET",0.275,"Ten"
"TE","Beau Brinkley",2500,"Ten@Mia 01:00PM ET",0.000,"Ten"
"TE","MarQueis Gray",2500,"Ten@Mia 01:00PM ET",0.000,"Mia"
"TE","Dion Sims",2500,"Ten@Mia 01:00PM ET",3.400,"Mia"
"TE","Jace Amaro",2500,"Ten@Mia 01:00PM ET",4.450,"Ten"
"TE","Phillip Supernaw",2500,"Ten@Mia 01:00PM ET",0.425,"Ten"
"TE","Vernon Davis",2500,"Was@Bal 01:00PM ET",3.725,"Was"
"TE","Niles Paul",2500,"Was@Bal 01:00PM ET",0.650,"Was"
"TE","Crockett Gillmore",2500,"Was@Bal 01:00PM ET",2.075,"Bal"
"TE","Darren Waller",2500,"Was@Bal 01:00PM ET",0,"Bal"
"TE","Maxx Williams",2500,"Was@Bal 01:00PM ET",0.000,"Bal"
"TE","Rhett Ellison",2500,"Hou@Min 01:00PM ET",1.000,"Min"
"TE","Kevin McDermott",2500,"Hou@Min 01:00PM ET",0.000,"Min"
"TE","Ryan Griffin",2500,"Hou@Min 01:00PM ET",6.700,"Hou"
"TE","MyCole Pruitt",2500,"Hou@Min 01:00PM ET",1.700,"Min"
"TE","C.J. Fiedorowicz",2500,"Hou@Min 01:00PM ET",4.375,"Hou"
"TE","Stephen Anderson",2500,"Hou@Min 01:00PM ET",3.000,"Hou"
"TE","David Morgan",2500,"Hou@Min 01:00PM ET",0.000,"Min"
"TE","Kellen Davis",2500,"NYJ@Pit 01:00PM ET",0.000,"NYJ"
"TE","David Johnson",2500,"NYJ@Pit 01:00PM ET",1.275,"Pit"
"TE","Brandon Bostick",2500,"NYJ@Pit 01:00PM ET",0.000,"NYJ"
"TE","Xavier Grimble",2500,"NYJ@Pit 01:00PM ET",3.375,"Pit"
"TE","Austin Seferian-Jenkins",2500,"NYJ@Pit 01:00PM ET",6.700,"NYJ"
"TE","Braedon Bowman",2500,"NYJ@Pit 01:00PM ET",0.000,"NYJ"
"TE","John Phillips",2500,"Atl@Den 04:05PM ET",2.225,"Den"
"TE","Levine Toilolo",2500,"Atl@Den 04:05PM ET",1.025,"Atl"
"TE","Jeff Heuerman",2500,"Atl@Den 04:05PM ET",3.400,"Den"
"TE","Joshua Perkins",2500,"Atl@Den 04:05PM ET",0,"Atl"
"TE","Austin Hooper",2500,"Atl@Den 04:05PM ET",6.250,"Atl"
"TE","Clark Harris",2500,"Cin@Dal 04:25PM ET",0.000,"Cin"
"TE","Ryan Hewitt",2500,"Cin@Dal 04:25PM ET",0.000,"Cin"
"TE","Gavin Escobar",2500,"Cin@Dal 04:25PM ET",0.000,"Dal"
"TE","Tyler Kroft",2500,"Cin@Dal 04:25PM ET",1.625,"Cin"
"TE","C.J. Uzomah",2500,"Cin@Dal 04:25PM ET",6.350,"Cin"
"TE","Geoff Swaim",2500,"Cin@Dal 04:25PM ET",2.000,"Dal"
"TE","Jim Dray",2500,"Buf@LA 04:25PM ET",0.000,"Buf"
"TE","Cory Harkey",2500,"Buf@LA 04:25PM ET",0.000,"LA"
"TE","Tyler Higbee",2500,"Buf@LA 04:25PM ET",0.300,"LA"
"TE","Nick O'Leary",2500,"Buf@LA 04:25PM ET",1.950,"Buf"
"TE","Temarrick Hemingway",2500,"Buf@LA 04:25PM ET",0.000,"LA"
"TE","Lee Smith",2500,"SD@Oak 04:25PM ET",2.225,"Oak"
"TE","Sean McGrath",2500,"SD@Oak 04:25PM ET",0.575,"SD"
"TE","Mychal Rivera",2500,"SD@Oak 04:25PM ET",1.100,"Oak"
"TE","Asante Cleveland",2500,"SD@Oak 04:25PM ET",0.000,"SD"
"TE","Jared Cook",2500,"NYG@GB 08:30PM ET",3.767,"GB"
"TE","Justin Perillo",2500,"NYG@GB 08:30PM ET",0.767,"GB"
"TE","Jerell Adams",2500,"NYG@GB 08:30PM ET",0.000,"NYG"
"TE","Brandon Myers",2500,"TB@Car 08:30PM ET",2.275,"TB"
"TE","Ed Dickson",2500,"TB@Car 08:30PM ET",1.750,"Car"
"TE","Andrew DePaola",2500,"TB@Car 08:30PM ET",0.000,"TB"
"TE","Luke Stocker",2500,"TB@Car 08:30PM ET",0.000,"TB"
"TE","Scott Simonson",2500,"TB@Car 08:30PM ET",0.000,"Car"
"TE","Alan Cross",2500,"TB@Car 08:30PM ET",0.000,"TB"
"DST","Titans ",2400,"Ten@Mia 01:00PM ET",5.750,"Ten"
"DST","Raiders ",2400,"SD@Oak 04:25PM ET",4.000,"Oak"
"DST","Buccaneers ",2400,"TB@Car 08:30PM ET",4.250,"TB"
"DST","Falcons ",2300,"Atl@Den 04:05PM ET",5.750,"Atl"
"DST","Browns ",2200,"NE@Cle 01:00PM ET",5.500,"Cle"
"DST","Bears ",2200,"Chi@Ind 01:00PM ET",4.750,"Chi"
"DST","Chargers ",2100,"SD@Oak 04:25PM ET",6.750,"SD"
