Team,Opp,Avg,Rnk,Comp,Att,Yds,Int,TD,Att,Yds,TD,RZ Touch,RZ G2G,WK,YR,
New Orleans Saints Defense,@ATL,31.42,1,31,43,448,-,3,3,15,-,-,-,1,2014,
New York Giants Defense,@DET,30.04,2,22,32,346,-,2,4,2,1,1,1,1,2014,
Denver Broncos Defense,IND,26.7,3,35,53,370,2,2,5,19,1,3,3,1,2014,
Indianapolis Colts Defense,@DEN,22.46,4,22,36,269,-,3,4,-3,-,-,-,1,2014,
San Diego Chargers Defense,@ARI,21.06,5,24,37,304,-,2,4,29,-,-,-,1,2014,
Kansas City Chiefs Defense,TEN,20.04,6,22,33,266,-,2,6,14,-,1,-,1,2014,
Green Bay Packers Defense,@SEA,18.54,7,19,28,191,-,2,7,29,-,1,-,1,2014,
Baltimore Ravens Defense,CIN,18.34,8,25,38,301,-,1,6,3,-,1,1,1,2014,
Tampa Bay Buccaneers Defense,CAR,18.2,9,24,34,230,-,2,3,10,-,2,-,1,2014,
Buffalo Bills Defense,@CHI,17.96,10,34,49,349,2,2,-,-,-,-,-,1,2014,
Philadelphia Eagles Defense,JAC,17.44,11,24,43,266,-,2,1,8,-,-,-,1,2014,
Cleveland Browns Defense,@PIT,17.4,12,23,34,365,1,1,3,8,-,-,-,1,2014,
Dallas Cowboys Defense,SF,17.14,13,16,23,201,-,2,5,11,-,-,-,1,2014,
Chicago Bears Defense,BUF,16.82,14,16,22,173,1,1,6,19,1,3,2,1,2014,
Cincinnati Bengals Defense,@BAL,16.5,15,35,62,345,1,1,3,7,-,-,-,1,2014,
Atlanta Falcons Defense,NO,15.52,16,29,42,333,1,1,1,2,-,-,-,1,2014,
Jacksonville Jaguars Defense,@PHI,14.88,17,27,45,322,1,2,-,-,-,-,-,1,2014,
St. Louis Rams Defense,MIN,14.5,18,17,25,170,-,2,5,-3,-,-,-,1,2014,
Carolina Panthers Defense,@TB,14.02,19,22,35,183,2,2,3,27,-,-,-,1,2014,
New York Jets Defense,OAK,13.94,20,20,32,151,-,2,1,-1,-,-,-,1,2014,
Washington Redskins Defense,@HOU,13.24,21,14,22,206,-,1,5,10,-,-,-,1,2014,
New England Patriots Defense,@MIA,12.92,23,18,32,178,1,2,3,-2,-,-,-,1,2014,
Pittsburgh Steelers Defense,CLE,12.68,22,18,30,222,-,1,1,-2,-,1,-,1,2014,
Oakland Raiders Defense,@NYJ,12.64,24,23,29,221,1,1,10,38,-,2,1,1,2014,
Arizona Cardinals Defense,SD,12.52,25,21,36,238,1,1,2,10,-,-,-,1,2014,
Miami Dolphins Defense,NE,10.26,26,29,56,249,-,1,1,3,-,-,-,1,2014,
Tennessee Titans Defense,@KC,9.68,27,19,35,202,3,1,6,36,-,1,-,1,2014,
Seattle Seahawks Defense,GB,9.56,28,23,33,189,1,1,-,-,-,-,-,1,2014,
San Francisco 49ers Defense,@DAL,9.24,29,23,37,281,3,1,-,-,-,-,-,1,2014,
Houston Texans Defense,WAS,8.88,30,29,37,267,-,-,3,2,-,1,1,1,2014,
Minnesota Vikings Defense,@STL,6.82,31,24,36,273,2,-,2,-1,-,-,-,1,2014,
Detroit Lions Defense,NYG,6.52,32,18,33,163,2,1,-,-,-,-,-,1,2014,
New York Jets Defense,@GB,28.64,1,25,42,346,-,3,6,28,-,1,-,2,2014,
San Francisco 49ers Defense,CHI,25.54,2,23,34,176,-,4,5,25,-,-,-,2,2014,
Seattle Seahawks Defense,@SD,25.06,3,28,37,284,-,3,11,17,-,4,4,2,2014,
Jacksonville Jaguars Defense,@WAS,21.62,4,24,36,288,-,2,3,21,-,-,-,2,2014,
Kansas City Chiefs Defense,@DEN,21.58,5,21,26,242,-,3,1,-1,-,-,-,2,2014,
Detroit Lions Defense,@CAR,19.14,6,22,34,281,-,1,4,19,-,1,1,2,2014,
Philadelphia Eagles Defense,@IND,18.88,7,20,34,172,1,3,4,20,-,1,-,2,2014,
San Diego Chargers Defense,SEA,17.88,8,17,25,202,-,2,2,18,-,1,-,2,2014,
St. Louis Rams Defense,@TB,17.76,9,16,21,179,1,-,2,6,2,2,2,2,2014,
Green Bay Packers Defense,NYJ,17.64,10,16,32,176,1,1,7,26,1,1,1,2,2014,
Indianapolis Colts Defense,PHI,17.44,11,21,37,331,1,1,4,22,-,-,-,2,2014,
Houston Texans Defense,@OAK,16.32,12,27,42,263,2,1,4,58,-,-,-,2,2014,
Cleveland Browns Defense,NO,15.78,13,27,40,237,1,2,1,3,-,1,-,2,2014,
Arizona Cardinals Defense,@NYG,15.58,14,26,39,277,2,2,1,5,-,-,-,2,2014,
Pittsburgh Steelers Defense,@BAL,14.94,15,21,29,166,-,2,5,3,-,2,1,2,2014,
Atlanta Falcons Defense,@CIN,14.68,16,15,23,252,-,1,3,6,-,2,-,2,2014,
Carolina Panthers Defense,DET,14.44,17,27,48,291,1,1,1,8,-,-,-,2,2014,
Denver Broncos Defense,KC,14.4,18,26,42,255,-,-,5,42,-,-,-,2,2014,
Oakland Raiders Defense,HOU,13.46,19,14,19,139,-,2,1,-1,-,-,-,2,2014,
Buffalo Bills Defense,MIA,12.74,20,31,49,241,1,1,4,11,-,-,-,2,2014,
Miami Dolphins Defense,@BUF,12.68,21,16,26,202,-,1,4,6,-,1,-,2,2014,
Chicago Bears Defense,@SF,12.32,22,21,34,248,3,1,9,64,-,2,1,2,2014,
New Orleans Saints Defense,@CLE,12.16,23,24,41,204,-,1,-,-,-,-,-,2,2014,
Washington Redskins Defense,JAC,11.42,24,14,28,193,1,1,3,17,-,1,-,2,2014,
Tennessee Titans Defense,DAL,11.04,25,19,29,176,-,1,-,-,-,-,-,2,2014,
Dallas Cowboys Defense,@TEN,10.26,26,18,34,234,2,1,2,9,-,-,-,2,2014,
Cincinnati Bengals Defense,ATL,10.04,27,24,44,231,3,1,3,28,-,-,-,2,2014,
Minnesota Vikings Defense,NE,9.96,28,14,21,149,-,1,1,-,-,-,-,2,2014,
Tampa Bay Buccaneers Defense,STL,9.4,29,22,29,235,-,-,1,-,-,1,-,2,2014,
Baltimore Ravens Defense,PIT,6.68,30,22,37,217,1,-,-,-,-,-,-,2,2014,
New York Giants Defense,ARI,6.48,31,14,29,167,-,-,2,-2,-,-,-,2,2014,
New England Patriots Defense,@MIN,5.68,32,19,36,202,4,1,3,16,-,-,-,2,2014,
Jacksonville Jaguars Defense,IND,33,1,33,43,390,-,4,4,14,-,1,-,3,2014,
Philadelphia Eagles Defense,WAS,27.58,2,30,48,427,1,3,3,5,-,-,-,3,2014,
Washington Redskins Defense,@PHI,26.2,3,27,41,325,-,3,4,12,-,-,-,3,2014,
Tampa Bay Buccaneers Defense,@ATL,24.2,4,24,28,350,1,3,1,2,-,-,-,3,2014,
Denver Broncos Defense,@SEA,22.02,5,24,34,258,1,2,9,40,-,1,-,3,2014,
Dallas Cowboys Defense,@STL,20.98,6,30,42,327,2,3,2,-1,-,-,-,3,2014,
Seattle Seahawks Defense,DEN,20.02,7,31,49,303,1,2,1,-1,-,-,-,3,2014,
Pittsburgh Steelers Defense,@CAR,19.9,8,29,41,330,-,2,2,7,-,-,-,3,2014,
Minnesota Vikings Defense,@NO,19.52,9,27,35,293,-,2,3,-2,-,2,-,3,2014,
San Francisco 49ers Defense,@ARI,19.36,10,18,33,244,-,2,6,16,-,3,-,3,2014,
Arizona Cardinals Defense,SF,19.2,11,29,37,245,-,1,12,54,-,3,-,3,2014,
Buffalo Bills Defense,SD,19.14,12,18,25,256,-,2,1,9,-,-,-,3,2014,
Miami Dolphins Defense,KC,19.14,12,19,25,186,-,3,2,17,-,-,-,3,2014,
New York Giants Defense,HOU,18.96,14,20,34,289,3,1,7,34,1,2,1,3,2014,
Houston Texans Defense,@NYG,17.26,15,21,28,234,-,2,1,-1,-,-,-,3,2014,
Indianapolis Colts Defense,@JAC,17.24,16,18,31,256,2,2,2,30,-,-,-,3,2014,
New York Jets Defense,CHI,16.4,17,23,38,225,-,2,5,14,-,-,-,3,2014,
St. Louis Rams Defense,DAL,16.08,18,18,23,217,1,2,3,14,-,-,-,3,2014,
San Diego Chargers Defense,@BUF,15.92,19,23,39,238,-,1,5,24,-,1,-,3,2014,
Carolina Panthers Defense,PIT,15.74,20,22,30,196,-,2,3,-1,-,1,-,3,2014,
Baltimore Ravens Defense,@CLE,15.4,21,19,25,290,-,1,3,-2,-,2,2,3,2014,
Chicago Bears Defense,@NYJ,14.94,22,26,43,316,2,1,4,23,-,1,1,3,2014,
Kansas City Chiefs Defense,@MIA,13.1,23,21,43,205,-,1,1,9,-,1,-,3,2014,
Tennessee Titans Defense,@CIN,12.74,24,16,25,166,1,-,3,3,-,2,-,3,2014,
Oakland Raiders Defense,@NE,12.66,25,24,37,234,-,1,3,-7,-,-,-,3,2014,
New Orleans Saints Defense,MIN,11.32,26,17,30,203,-,-,7,32,-,3,-,3,2014,
Cleveland Browns Defense,BAL,11.28,27,19,31,217,1,1,4,6,-,2,1,3,2014,
Atlanta Falcons Defense,TB,11.06,28,22,36,179,1,1,3,19,-,-,-,3,2014,
Detroit Lions Defense,GB,10.48,29,16,27,162,-,1,-,-,-,-,-,3,2014,
Cincinnati Bengals Defense,TEN,8.4,30,17,34,185,2,-,6,50,-,-,-,3,2014,
New England Patriots Defense,OAK,4.96,31,21,34,174,1,-,-,-,-,-,-,3,2014,
Washington Redskins Defense,NYG,32.1,1,28,39,300,1,4,1,1,1,1,1,3,2014,
Tennessee Titans Defense,@IND,29.42,2,29,41,393,1,4,4,-3,-,-,-,4,2014,
Chicago Bears Defense,GB,28.88,3,22,28,302,-,4,1,8,-,-,-,4,2014,
Jacksonville Jaguars Defense,@SD,27.08,4,29,39,377,-,3,1,-,-,1,-,4,2014,
New York Jets Defense,DET,26.52,5,24,34,293,-,2,6,8,1,1,1,4,2014,
Carolina Panthers Defense,@BAL,25.38,6,22,31,327,-,3,1,3,-,-,-,4,2014,
New Orleans Saints Defense,@DAL,24.48,7,22,29,262,-,3,6,20,-,-,-,4,2014,
Atlanta Falcons Defense,@MIN,23.48,8,19,30,317,-,-,6,28,1,4,1,4,2014,
New England Patriots Defense,@KC,22.72,9,20,26,248,-,3,4,8,-,1,-,4,2014,
Tampa Bay Buccaneers Defense,@PIT,22.36,10,29,40,314,-,3,2,4,-,-,-,4,2014,
Philadelphia Eagles Defense,@SF,20.52,11,17,30,218,1,2,7,58,-,2,-,4,2014,
Oakland Raiders Defense,MIA,20.42,12,23,31,278,1,2,7,33,-,2,-,4,2014,
Dallas Cowboys Defense,NO,20.2,13,32,44,340,1,2,1,6,-,-,-,4,2014,
Minnesota Vikings Defense,ATL,20.12,14,25,41,298,2,3,2,2,-,-,-,4,2014,
Pittsburgh Steelers Defense,TB,18.08,15,21,42,302,1,2,-,-,-,-,-,4,2014,
Green Bay Packers Defense,@CHI,17.5,16,23,35,265,2,2,3,29,-,-,-,4,2014,
Baltimore Ravens Defense,CAR,15.42,17,20,34,268,-,1,2,7,-,1,-,4,2014,
Miami Dolphins Defense,@OAK,14.2,18,28,44,275,3,2,4,12,-,-,-,4,2014,
Houston Texans Defense,BUF,13.3,19,21,44,225,2,2,1,3,-,-,-,4,2014,
San Diego Chargers Defense,JAC,12.56,20,29,37,254,2,1,5,24,-,-,-,4,2014,
Buffalo Bills Defense,@HOU,12.12,21,25,37,268,2,1,5,14,-,-,-,4,2014,
Indianapolis Colts Defense,TEN,11.76,22,14,28,194,2,1,5,40,-,-,-,4,2014,
Kansas City Chiefs Defense,NE,11.16,23,20,30,229,2,2,-,-,-,-,-,4,2014,
Detroit Lions Defense,@NYJ,8.76,24,17,33,209,1,1,4,4,-,-,-,4,2014,
New York Giants Defense,@WAS,5.48,25,19,33,257,4,1,1,12,-,-,-,4,2014,
San Francisco 49ers Defense,PHI,3.9,26,21,43,195,2,-,1,1,-,-,-,4,2014,
Seattle Seahawks Defense,Bye,0,27,-,-,-,-,-,-,-,-,-,-,4,2014,
Arizona Cardinals Defense,Bye,0,27,-,-,-,-,-,-,-,-,-,-,4,2014,
Denver Broncos Defense,Bye,0,27,-,-,-,-,-,-,-,-,-,-,4,2014,
Cincinnati Bengals Defense,Bye,0,27,-,-,-,-,-,-,-,-,-,-,4,2014,
Cleveland Browns Defense,Bye,0,27,-,-,-,-,-,-,-,-,-,-,4,2014,
St. Louis Rams Defense,Bye,0,27,-,-,-,-,-,-,-,-,-,-,4,2014,
Washington Redskins Defense,SEA,34.24,1,18,24,201,-,2,11,122,1,2,1,5,2014,
Cleveland Browns Defense,@TEN,32.22,2,21,32,273,-,3,6,33,1,1,-,5,2014,
Arizona Cardinals Defense,@DEN,30.96,3,31,47,479,2,4,2,-2,-,-,-,5,2014,
Philadelphia Eagles Defense,STL,26,4,29,49,375,-,3,3,30,-,-,-,5,2014,
Tennessee Titans Defense,CLE,21.84,5,21,37,291,1,3,1,2,-,-,-,5,2014,
New York Jets Defense,@SD,21.82,6,20,28,288,1,3,2,3,-,-,-,5,2014,
Carolina Panthers Defense,CHI,21.76,7,28,36,289,2,2,3,22,1,1,-,5,2014,
Baltimore Ravens Defense,@IND,20.68,8,32,49,312,2,1,6,22,1,3,-,5,2014,
Cincinnati Bengals Defense,@NE,20.58,9,23,35,292,-,2,7,9,-,4,2,5,2014,
Seattle Seahawks Defense,@WAS,19.72,10,21,36,283,-,2,2,4,-,1,-,5,2014,
New England Patriots Defense,CIN,19.56,11,18,29,249,-,2,2,16,-,-,-,5,2014,
Houston Texans Defense,@DAL,18.96,12,28,41,324,1,2,-,-,-,-,-,5,2014,
Minnesota Vikings Defense,@GB,17.02,13,15,22,178,1,3,1,-1,-,-,-,5,2014,
Tampa Bay Buccaneers Defense,@NO,16.74,14,35,57,371,3,2,1,-1,-,-,-,5,2014,
New Orleans Saints Defense,TB,15.96,15,19,32,249,1,2,1,-,-,-,-,5,2014,
Atlanta Falcons Defense,@NYG,15.7,16,19,30,200,-,2,2,-3,-,1,1,5,2014,
Chicago Bears Defense,@CAR,15.1,17,19,35,255,1,2,6,9,-,1,-,5,2014,
New York Giants Defense,ATL,14.64,18,29,45,316,1,1,-,-,-,-,-,5,2014,
Detroit Lions Defense,BUF,14.32,19,30,43,308,1,1,1,-,-,1,-,5,2014,
Kansas City Chiefs Defense,@SF,13.84,20,14,26,201,-,1,10,18,-,2,1,5,2014,
St. Louis Rams Defense,@PHI,13.58,21,24,37,207,1,2,2,13,-,-,-,5,2014,
Jacksonville Jaguars Defense,PIT,12.72,22,26,36,273,-,1,3,-2,-,3,-,5,2014,
Green Bay Packers Defense,MIN,12.38,23,22,44,222,2,-,3,15,1,1,1,5,2014,
Buffalo Bills Defense,@DET,12.04,24,18,31,231,1,1,3,8,-,-,-,5,2014,
Denver Broncos Defense,ARI,11.96,25,12,34,199,-,1,-,-,-,-,-,5,2014,
San Francisco 49ers Defense,KC,8.92,26,16,30,158,1,1,1,6,-,-,-,5,2014,
Indianapolis Colts Defense,BAL,7.4,27,22,38,235,1,-,-,-,-,-,-,5,2014,
Pittsburgh Steelers Defense,@JAC,5.04,28,22,36,191,2,-,4,14,-,-,-,5,2014,
Dallas Cowboys Defense,HOU,4.46,29,16,25,154,1,-,3,3,-,1,-,5,2014,
San Diego Chargers Defense,NYJ,2.66,30,12,31,74,1,-,3,17,-,2,1,5,2014,
Miami Dolphins Defense,Bye,0,31,-,-,-,-,-,-,-,-,-,-,5,2014,
Oakland Raiders Defense,Bye,0,31,-,-,-,-,-,-,-,-,-,-,5,2014,
Cincinnati Bengals Defense,CAR,34.06,1,29,46,284,1,2,17,107,1,2,-,6,2014,
Tampa Bay Buccaneers Defense,BAL,31.94,2,21,28,306,-,5,4,-3,-,-,-,6,2014,
Buffalo Bills Defense,NE,30.74,3,27,37,361,-,4,4,3,-,-,-,6,2014,
St. Louis Rams Defense,SF,29.42,4,22,35,343,-,3,3,37,-,1,-,6,2014,
Miami Dolphins Defense,GB,25.96,5,24,42,264,-,3,7,34,-,1,-,6,2014,
Oakland Raiders Defense,SD,25.82,6,22,34,313,-,3,5,13,-,-,-,6,2014,
San Diego Chargers Defense,@OAK,25.48,7,18,34,282,1,4,1,2,-,-,-,6,2014,
Houston Texans Defense,IND,24.6,8,25,44,370,1,3,7,18,-,-,-,6,2014,
Atlanta Falcons Defense,CHI,21.64,9,26,38,381,-,1,6,4,-,-,-,6,2014,
New York Jets Defense,DEN,21.48,10,22,33,237,-,3,1,-,-,-,-,6,2014,
Carolina Panthers Defense,@CIN,19.42,11,33,43,323,2,2,4,25,-,1,-,6,2014,
Tennessee Titans Defense,JAC,19.24,12,32,46,336,1,1,5,38,-,-,-,6,2014,
Green Bay Packers Defense,@MIA,18.66,13,20,31,244,2,2,3,49,-,-,-,6,2014,
Baltimore Ravens Defense,@TB,18.56,14,24,44,314,1,2,-,-,-,-,-,6,2014,
New England Patriots Defense,@BUF,17.96,15,24,38,299,1,2,-,-,-,-,-,6,2014,
Washington Redskins Defense,@ARI,17.7,16,28,44,250,-,2,1,-3,-,-,-,6,2014,
Arizona Cardinals Defense,WAS,16.16,17,24,38,354,3,2,-,-,-,-,-,6,2014,
Seattle Seahawks Defense,DAL,15.9,18,21,32,250,-,2,2,-1,-,-,-,6,2014,
Denver Broncos Defense,@NYJ,14.7,19,23,43,190,1,2,2,11,-,-,-,6,2014,
New York Giants Defense,@PHI,14.42,20,21,34,248,2,2,2,5,-,-,-,6,2014,
Chicago Bears Defense,@ATL,12.74,21,19,37,271,1,1,1,-1,-,-,-,6,2014,
Pittsburgh Steelers Defense,@CLE,12.68,22,8,17,217,-,1,1,-,-,-,-,6,2014,
Cleveland Browns Defense,PIT,11.82,23,21,42,228,1,1,1,7,-,-,-,6,2014,
Minnesota Vikings Defense,DET,11.5,24,19,33,185,-,1,1,1,-,-,-,6,2014,
San Francisco 49ers Defense,@STL,11.34,25,21,42,236,1,1,1,-1,-,-,-,6,2014,
Indianapolis Colts Defense,@HOU,10.98,26,15,23,212,-,1,1,5,-,-,-,6,2014,
Dallas Cowboys Defense,@SEA,10.24,27,14,28,126,1,-,2,12,1,1,-,6,2014,
Jacksonville Jaguars Defense,@TEN,9.42,28,17,28,233,-,-,2,1,-,-,-,6,2014,
Philadelphia Eagles Defense,NYG,8.74,29,17,28,211,-,-,2,3,-,-,-,6,2014,
Detroit Lions Defense,@MIN,2.62,30,23,37,188,3,-,3,11,-,-,-,6,2014,
New Orleans Saints Defense,Bye,0,31,-,-,-,-,-,-,-,-,-,-,6,2014,
Kansas City Chiefs Defense,Bye,0,31,-,-,-,-,-,-,-,-,-,-,6,2014,
St. Louis Rams Defense,SEA,37.12,1,23,36,313,-,2,7,106,1,2,-,7,2014,
San Francisco 49ers Defense,@DEN,28.62,2,22,27,318,-,4,4,-1,-,-,-,7,2014,
Carolina Panthers Defense,@GB,24,3,19,24,255,-,3,6,18,-,1,-,7,2014,
Chicago Bears Defense,MIA,23.88,4,25,32,277,-,2,6,48,-,-,-,7,2014,
Dallas Cowboys Defense,NYG,23.02,5,21,33,248,-,3,1,11,-,-,-,7,2014,
New York Jets Defense,@NE,22.44,6,20,37,261,-,3,-,-,-,-,-,7,2014,
New York Giants Defense,@DAL,21.66,7,17,23,279,1,3,2,5,-,-,-,7,2014,
Detroit Lions Defense,NO,20.98,8,28,45,342,1,2,1,13,-,-,-,7,2014,
Denver Broncos Defense,SF,20.34,9,27,46,301,1,2,4,23,-,1,1,7,2014,
Cincinnati Bengals Defense,@IND,20.26,10,27,42,344,-,2,4,5,-,2,1,7,2014,
Green Bay Packers Defense,CAR,20.02,11,22,39,248,1,2,7,41,-,-,-,7,2014,
Pittsburgh Steelers Defense,HOU,18.08,12,21,32,262,1,2,5,16,-,-,-,7,2014,
New England Patriots Defense,NYJ,17.34,13,20,34,226,-,1,8,43,-,2,1,7,2014,
Houston Texans Defense,@PIT,16.9,14,23,33,265,-,2,4,3,-,-,-,7,2014,
Oakland Raiders Defense,ARI,16.12,15,22,31,253,1,2,-,-,-,-,-,7,2014,
New Orleans Saints Defense,@DET,16.06,16,27,40,299,2,2,2,1,-,-,-,7,2014,
San Diego Chargers Defense,KC,15.74,17,19,28,221,-,1,6,29,-,-,-,7,2014,
Minnesota Vikings Defense,@BUF,15.22,18,31,43,283,1,2,1,-1,-,-,-,7,2014,
Atlanta Falcons Defense,@BAL,14.72,19,16,25,258,2,2,1,4,-,-,-,7,2014,
Kansas City Chiefs Defense,@SD,14.2,20,17,31,205,1,2,-,-,-,-,-,7,2014,
Seattle Seahawks Defense,@STL,14,21,17,20,155,-,2,2,-2,-,-,-,7,2014,
Washington Redskins Defense,TEN,13.4,22,17,26,160,1,2,2,10,-,-,-,7,2014,
Baltimore Ravens Defense,ATL,11.82,23,29,44,228,-,1,1,7,-,-,-,7,2014,
Tennessee Titans Defense,@WAS,10.98,24,21,28,267,1,1,2,3,-,2,1,7,2014,
Cleveland Browns Defense,@JAC,8.06,25,17,31,159,3,1,5,37,-,1,-,7,2014,
Miami Dolphins Defense,@CHI,7.9,26,21,34,190,1,1,2,3,-,-,-,7,2014,
Arizona Cardinals Defense,@OAK,7.12,27,16,28,173,-,-,2,2,-,-,-,7,2014,
Buffalo Bills Defense,MIN,6.98,28,15,26,157,2,1,1,7,-,-,-,7,2014,
Indianapolis Colts Defense,CIN,5.04,29,18,38,126,-,-,1,-,-,-,-,7,2014,
Jacksonville Jaguars Defense,CLE,4.5,30,16,41,215,1,-,1,-1,-,-,-,7,2014,
Philadelphia Eagles Defense,Bye,0,31,-,-,-,-,-,-,-,-,-,-,7,2014,
Tampa Bay Buccaneers Defense,Bye,0,31,-,-,-,-,-,-,-,-,-,-,7,2014,
Indianapolis Colts Defense,@PIT,44.78,1,40,49,522,-,6,1,-1,-,-,-,8,2014,
Chicago Bears Defense,@NE,34.94,2,33,38,376,-,5,3,-1,-,2,1,8,2014,
Pittsburgh Steelers Defense,IND,26.6,3,26,45,400,2,3,3,26,-,-,-,8,2014,
New York Jets Defense,BUF,26.12,4,10,17,238,-,4,2,6,-,-,-,8,2014,
Green Bay Packers Defense,@NO,25.04,5,27,32,311,-,3,1,6,-,-,-,8,2014,
San Diego Chargers Defense,@DEN,23.44,6,25,35,286,-,3,1,-,-,1,1,8,2014,
New Orleans Saints Defense,GB,23.14,7,29,40,426,2,1,2,21,1,2,-,8,2014,
New England Patriots Defense,CHI,22.56,8,21,35,249,1,3,1,6,-,-,-,8,2014,
Arizona Cardinals Defense,PHI,21.84,9,36,62,411,2,2,2,14,-,-,-,8,2014,
Philadelphia Eagles Defense,@ARI,21.16,10,20,42,329,-,2,-,-,-,-,-,8,2014,
Baltimore Ravens Defense,@CIN,20.04,11,21,28,266,1,-,6,14,2,2,2,8,2014,
Atlanta Falcons Defense,DET,19.9,12,24,47,325,1,2,3,9,-,-,-,8,2014,
Denver Broncos Defense,SD,19.78,13,30,41,252,2,3,1,17,-,-,-,8,2014,
Washington Redskins Defense,@DAL,19.22,14,21,34,278,-,2,2,1,-,-,-,8,2014,
Dallas Cowboys Defense,WAS,17.56,15,25,30,299,1,-,7,16,1,1,1,8,2014,
Houston Texans Defense,@TEN,15.86,16,27,41,299,1,2,1,-1,-,-,-,8,2014,
Detroit Lions Defense,@ATL,15.72,17,20,27,228,1,2,1,6,-,-,-,8,2014,
Oakland Raiders Defense,@CLE,15.1,18,19,28,275,-,1,2,1,-,-,-,8,2014,
Jacksonville Jaguars Defense,MIA,14.64,19,16,29,196,1,1,5,48,-,1,-,8,2014,
Tennessee Titans Defense,HOU,14.28,20,19,35,227,-,1,4,12,-,-,-,8,2014,
Tampa Bay Buccaneers Defense,MIN,13.94,21,24,42,241,-,1,1,3,-,-,-,8,2014,
Carolina Panthers Defense,SEA,13.46,22,20,32,199,1,1,6,35,-,1,1,8,2014,
Cleveland Browns Defense,OAK,13.32,23,34,55,328,1,1,1,2,-,-,-,8,2014,
Miami Dolphins Defense,@JAC,11.64,24,18,34,221,2,1,6,48,-,-,-,8,2014,
St. Louis Rams Defense,@KC,11.32,25,25,29,223,-,-,3,24,-,-,-,8,2014,
Minnesota Vikings Defense,@TB,10.14,26,19,28,171,1,1,3,13,-,-,-,8,2014,
Kansas City Chiefs Defense,STL,8.5,27,15,25,160,1,1,1,1,-,1,1,8,2014,
Seattle Seahawks Defense,@CAR,5.24,28,12,22,171,1,-,12,24,-,6,1,8,2014,
Cincinnati Bengals Defense,BAL,5,29,17,34,195,2,-,2,12,-,-,-,8,2014,
Buffalo Bills Defense,@NYJ,1.22,30,20,44,158,4,-,9,69,-,2,1,8,2014,
San Francisco 49ers Defense,Bye,0,31,-,-,-,-,-,-,-,-,-,-,8,2014,
New York Giants Defense,Bye,0,31,-,-,-,-,-,-,-,-,-,-,8,2014,
Baltimore Ravens Defense,@PIT,35.7,1,25,37,340,-,6,2,1,-,-,-,9,2014,
New York Giants Defense,IND,30.66,2,25,46,354,-,4,2,5,-,-,-,9,2014,
San Diego Chargers Defense,@MIA,29.06,3,26,38,309,-,3,4,47,-,-,-,9,2014,
Denver Broncos Defense,@NE,27.72,4,33,53,333,1,4,2,4,-,-,-,9,2014,
Indianapolis Colts Defense,@NYG,22.16,5,27,52,359,-,2,1,18,-,-,-,9,2014,
New England Patriots Defense,DEN,21.82,6,34,57,438,2,2,2,3,-,-,-,9,2014,
Dallas Cowboys Defense,ARI,19.76,7,22,34,249,1,3,2,-2,-,-,-,9,2014,
Houston Texans Defense,PHI,19.64,8,24,34,326,3,3,6,6,-,-,-,9,2014,
Philadelphia Eagles Defense,@HOU,19.02,9,13,27,203,1,2,6,49,-,1,-,9,2014,
Pittsburgh Steelers Defense,BAL,18.32,10,30,45,303,1,2,1,2,-,-,-,9,2014,
Carolina Panthers Defense,NO,18.08,11,24,34,297,1,1,4,2,1,1,1,9,2014,
Cincinnati Bengals Defense,JAC,16.88,12,22,33,247,1,2,4,10,-,-,-,9,2014,
Washington Redskins Defense,@MIN,16.72,13,26,42,268,-,1,3,20,-,-,-,9,2014,
Tampa Bay Buccaneers Defense,@CLE,16.5,16,21,34,300,2,2,2,5,-,-,-,9,2014,
Cleveland Browns Defense,TB,16.1,14,17,33,260,2,2,3,17,-,-,-,9,2014,
New York Jets Defense,@KC,15.96,15,21,31,199,-,2,-,-,-,-,-,9,2014,
Kansas City Chiefs Defense,NYJ,15.4,17,24,36,235,-,1,5,20,-,1,1,9,2014,
Minnesota Vikings Defense,WAS,14.44,18,18,28,251,1,1,7,24,-,2,1,9,2014,
Jacksonville Jaguars Defense,@CIN,14.42,19,19,31,233,2,2,2,11,-,1,-,9,2014,
Seattle Seahawks Defense,OAK,12.66,20,24,41,194,2,2,2,9,-,-,-,9,2014,
New Orleans Saints Defense,@CAR,12.34,21,10,28,151,1,-,7,43,1,2,2,9,2014,
St. Louis Rams Defense,@SF,10.88,22,22,33,237,-,1,5,14,-,1,1,9,2014,
Oakland Raiders Defense,@SEA,10.26,23,17,35,179,-,-,8,31,-,1,1,9,2014,
Arizona Cardinals Defense,@DAL,7.52,24,18,33,183,2,1,2,2,-,-,-,9,2014,
San Francisco 49ers Defense,STL,5.1,25,13,24,105,2,1,2,9,-,-,-,9,2014,
Atlanta Falcons Defense,Bye,0,26,-,-,-,-,-,-,-,-,-,-,9,2014,
Buffalo Bills Defense,Bye,0,26,-,-,-,-,-,-,-,-,-,-,9,2014,
Chicago Bears Defense,Bye,0,26,-,-,-,-,-,-,-,-,-,-,9,2014,
Detroit Lions Defense,Bye,0,26,-,-,-,-,-,-,-,-,-,-,9,2014,
Green Bay Packers Defense,Bye,0,26,-,-,-,-,-,-,-,-,-,-,9,2014,
Tennessee Titans Defense,Bye,0,26,-,-,-,-,-,-,-,-,-,-,9,2014,
Chicago Bears Defense,@GB,36.76,1,19,32,319,-,6,-,-,-,-,-,9,2014,
Oakland Raiders Defense,DEN,30.32,2,33,49,353,2,5,3,2,-,-,-,10,2014,
Jacksonville Jaguars Defense,DAL,21.86,3,21,28,254,-,3,3,-3,-,-,-,10,2014,
Carolina Panthers Defense,@PHI,21.18,4,20,38,332,-,2,5,-1,-,-,-,10,2014,
Atlanta Falcons Defense,@TB,19.94,5,27,43,301,2,2,5,39,-,-,-,10,2014,
New York Giants Defense,@SEA,19.58,6,10,17,172,2,-,14,107,1,4,2,10,2014,
San Francisco 49ers Defense,@NO,18.38,7,28,47,292,2,3,2,7,-,-,-,10,2014,
Pittsburgh Steelers Defense,@NYJ,17.18,8,10,18,132,-,2,8,39,-,1,-,10,2014,
Miami Dolphins Defense,@DET,17.1,9,25,40,280,1,2,2,-1,-,-,-,10,2014,
Tampa Bay Buccaneers Defense,ATL,15.66,10,20,31,219,-,1,3,9,-,-,-,10,2014,
Buffalo Bills Defense,KC,15.58,11,17,29,177,-,-,4,25,1,1,1,10,2014,
St. Louis Rams Defense,@ARI,15.44,12,28,41,326,1,1,3,4,-,-,-,10,2014,
Kansas City Chiefs Defense,@BUF,14.66,13,29,48,259,-,1,2,3,-,-,-,10,2014,
Philadelphia Eagles Defense,CAR,14.44,14,25,40,306,3,2,2,6,-,-,-,10,2014,
New York Jets Defense,PIT,13.72,15,30,43,343,2,1,1,-,-,-,-,10,2014,
New Orleans Saints Defense,SF,12.8,16,14,32,210,-,1,4,24,-,-,-,10,2014,
Dallas Cowboys Defense,@JAC,11.9,17,22,37,290,1,-,3,3,-,-,-,10,2014,
Denver Broncos Defense,@OAK,11.68,18,30,47,192,2,2,-,-,-,-,-,10,2014,
Seattle Seahawks Defense,NYG,11.32,19,29,44,283,1,1,-,-,-,-,-,10,2014,
Tennessee Titans Defense,@BAL,10.56,20,16,27,169,-,1,3,-2,-,2,2,10,2014,
Detroit Lions Defense,MIA,10.28,21,27,38,207,1,1,2,-,-,-,-,10,2014,
Green Bay Packers Defense,CHI,9.32,22,23,40,283,2,1,2,-,-,-,-,10,2014,
Baltimore Ravens Defense,TEN,9.16,23,16,27,179,1,1,-,-,-,-,-,10,2014,
Cincinnati Bengals Defense,CLE,8.02,24,15,23,198,-,-,4,1,-,2,1,10,2014,
Arizona Cardinals Defense,STL,6.64,25,17,30,216,2,1,3,-,-,-,-,10,2014,
San Diego Chargers Defense,Bye,0,26,-,-,-,-,-,-,-,-,-,-,10,2014,
Houston Texans Defense,Bye,0,26,-,-,-,-,-,-,-,-,-,-,10,2014,
New England Patriots Defense,Bye,0,26,-,-,-,-,-,-,-,-,-,-,10,2014,
Minnesota Vikings Defense,Bye,0,26,-,-,-,-,-,-,-,-,-,-,10,2014,
Indianapolis Colts Defense,Bye,0,26,-,-,-,-,-,-,-,-,-,-,10,2014,
Washington Redskins Defense,Bye,0,26,-,-,-,-,-,-,-,-,-,-,10,2014,
Cleveland Browns Defense,@CIN,-1.48,32,13,39,93,3,-,3,8,-,-,-,10,2014,
Philadelphia Eagles Defense,@GB,29.58,1,24,38,367,-,3,6,29,-,-,-,11,2014,
Minnesota Vikings Defense,@CHI,23.3,2,31,43,330,2,3,5,21,-,1,1,11,2014,
Kansas City Chiefs Defense,SEA,22.22,3,20,32,178,-,2,8,71,-,2,1,11,2014,
New Orleans Saints Defense,CIN,22,4,16,22,220,-,3,5,12,-,-,-,11,2014,
Washington Redskins Defense,TB,20.32,5,15,23,288,-,2,3,8,-,1,-,11,2014,
New England Patriots Defense,@IND,19.62,6,23,39,303,1,2,3,15,-,1,-,11,2014,
Atlanta Falcons Defense,@CAR,18.68,7,23,37,292,2,2,5,30,-,-,-,11,2014,
Buffalo Bills Defense,@MIA,16.8,8,26,34,240,-,2,4,16,-,2,-,11,2014,
Pittsburgh Steelers Defense,@TEN,16.52,9,15,24,263,1,2,-,-,-,-,-,11,2014,
Detroit Lions Defense,@ARI,15.84,10,21,32,306,2,2,4,-4,-,-,-,11,2014,
St. Louis Rams Defense,DEN,15.46,11,34,54,389,2,1,1,-1,-,-,-,11,2014,
Houston Texans Defense,@CLE,15.3,13,20,50,330,1,1,2,1,-,-,-,11,2014,
Carolina Panthers Defense,ATL,15.12,12,31,45,268,-,1,1,4,-,-,-,11,2014,
Cincinnati Bengals Defense,@NO,14.5,14,33,41,255,-,1,1,3,-,-,-,11,2014,
Cleveland Browns Defense,HOU,14.14,15,20,30,211,1,2,4,-3,-,-,-,11,2014,
New York Giants Defense,SF,14.12,16,15,29,193,-,1,8,24,-,2,1,11,2014,
Indianapolis Colts Defense,NE,13.88,17,19,30,257,2,2,4,-4,-,-,-,11,2014,
Green Bay Packers Defense,PHI,13.84,18,26,44,346,2,2,3,-,-,-,-,11,2014,
Denver Broncos Defense,@STL,12.8,19,20,29,220,-,1,-,-,-,1,-,11,2014,
Tampa Bay Buccaneers Defense,@WAS,12.38,20,23,32,207,2,1,6,41,-,-,-,11,2014,
Oakland Raiders Defense,@SD,11.62,21,22,34,193,-,1,1,-1,-,-,-,11,2014,
Tennessee Titans Defense,PIT,10.48,22,21,32,207,1,1,3,2,-,-,-,11,2014,
Chicago Bears Defense,MIN,8.52,23,18,28,158,1,1,4,2,-,1,-,11,2014,
Miami Dolphins Defense,BUF,7.92,24,22,39,193,-,-,2,2,-,1,1,11,2014,
Arizona Cardinals Defense,DET,5.32,25,18,30,183,1,-,-,-,-,-,-,11,2014,
San Francisco 49ers Defense,@NYG,5.2,26,22,45,280,5,1,-,-,-,-,-,11,2014,
San Diego Chargers Defense,OAK,4.88,27,16,34,172,-,-,2,-,-,-,-,11,2014,
Seattle Seahawks Defense,@KC,4.22,28,11,16,108,-,-,2,-1,-,2,-,11,2014,
Baltimore Ravens Defense,Bye,0,29,-,-,-,-,-,-,-,-,-,-,11,2014,
New York Jets Defense,Bye,0,29,-,-,-,-,-,-,-,-,-,-,11,2014,
Jacksonville Jaguars Defense,Bye,0,29,-,-,-,-,-,-,-,-,-,-,11,2014,
Baltimore Ravens Defense,@NO,28.3,1,35,45,420,1,3,3,15,-,2,2,12,2014,
Miami Dolphins Defense,@DEN,28.08,2,28,35,257,-,4,2,-2,-,2,-,12,2014,
Denver Broncos Defense,MIA,26.62,3,26,36,228,1,3,4,15,1,1,1,12,2014,
New York Giants Defense,DAL,24.8,4,18,26,275,-,4,1,-2,-,-,-,12,2014,
Dallas Cowboys Defense,@NYG,23.52,5,29,40,338,1,3,-,-,-,-,-,12,2014,
Detroit Lions Defense,@NE,19.96,6,38,53,349,1,2,-,-,-,-,-,12,2014,
Minnesota Vikings Defense,GB,19.76,7,19,29,209,-,2,6,34,-,-,-,12,2014,
Arizona Cardinals Defense,@SEA,19.74,8,17,22,211,-,1,10,73,-,2,1,12,2014,
Philadelphia Eagles Defense,TEN,19.6,9,20,39,345,1,2,2,-2,-,-,-,12,2014,
Green Bay Packers Defense,@MIN,19.6,9,21,37,210,1,2,5,32,-,1,1,12,2014,
New York Jets Defense,@BUF,18.2,11,24,32,230,-,2,1,10,-,-,-,12,2014,
Oakland Raiders Defense,KC,17.86,12,20,36,234,-,2,2,5,-,1,-,12,2014,
Cleveland Browns Defense,@ATL,15.52,13,27,43,273,1,2,2,6,-,-,-,12,2014,
Jacksonville Jaguars Defense,@IND,15.02,14,21,32,253,-,1,8,49,-,2,-,12,2014,
New Orleans Saints Defense,BAL,13.92,15,18,24,243,-,1,2,2,-,-,-,12,2014,
Washington Redskins Defense,@SF,13.64,16,20,29,256,1,1,9,14,-,2,2,12,2014,
St. Louis Rams Defense,@SD,13.54,17,29,35,291,1,1,3,-1,-,-,-,12,2014,
Chicago Bears Defense,TB,12.84,18,25,48,341,2,1,3,12,-,-,-,12,2014,
Tennessee Titans Defense,@PHI,12.68,19,30,43,307,2,1,4,4,-,1,1,12,2014,
Houston Texans Defense,CIN,11.92,20,24,35,233,1,1,7,6,-,2,1,12,2014,
Kansas City Chiefs Defense,@OAK,11.16,21,18,35,174,-,1,3,2,-,1,-,12,2014,
New England Patriots Defense,DET,10.36,22,18,46,264,1,-,3,18,-,-,-,12,2014,
Atlanta Falcons Defense,CLE,8.08,23,23,40,322,3,-,3,12,-,-,-,12,2014,
Tampa Bay Buccaneers Defense,@CHI,7.2,24,17,27,130,-,1,-,-,-,-,-,12,2014,
Seattle Seahawks Defense,ARI,6.26,25,14,26,149,1,-,4,23,-,-,-,12,2014,
Indianapolis Colts Defense,JAC,6.24,26,15,27,146,1,-,5,24,-,-,-,12,2014,
San Diego Chargers Defense,STL,5.92,27,18,35,198,2,1,1,-,-,-,-,12,2014,
Cincinnati Bengals Defense,@HOU,5.76,28,21,45,189,1,-,1,2,-,-,-,12,2014,
Buffalo Bills Defense,NYJ,5.4,29,17,31,165,1,-,4,8,-,1,1,12,2014,
San Francisco 49ers Defense,WAS,3.34,30,11,19,106,-,-,4,11,-,-,-,12,2014,
Pittsburgh Steelers Defense,Bye,0,31,-,-,-,-,-,-,-,-,-,-,12,2014,
Carolina Panthers Defense,Bye,0,31,-,-,-,-,-,-,-,-,-,-,12,2014,
Tennessee Titans Defense,@HOU,39.12,1,24,33,358,-,6,4,8,-,1,1,13,2014,
Washington Redskins Defense,@IND,32.8,2,19,27,370,1,5,4,20,-,-,-,13,2014,
Pittsburgh Steelers Defense,NO,30.28,3,19,27,257,-,5,-,-,-,-,-,13,2014,
Baltimore Ravens Defense,SD,27.22,4,34,45,383,1,3,4,19,-,1,-,13,2014,
Indianapolis Colts Defense,WAS,26.88,5,31,47,392,-,3,3,12,-,-,-,13,2014,
New Orleans Saints Defense,@PIT,26.2,6,32,58,435,2,2,1,8,-,-,-,13,2014,
New England Patriots Defense,@GB,24.92,7,24,38,368,-,2,5,22,-,-,-,13,2014,
San Diego Chargers Defense,@BAL,23.3,8,19,31,225,-,2,2,3,1,1,1,13,2014,
Chicago Bears Defense,@DET,21.6,9,34,45,390,-,2,-,-,-,-,-,13,2014,
Dallas Cowboys Defense,PHI,21.48,10,20,29,217,-,1,7,28,1,2,1,13,2014,
Oakland Raiders Defense,@STL,21.42,11,13,22,183,-,2,2,1,1,1,1,13,2014,
Arizona Cardinals Defense,@ATL,20.84,12,30,41,361,1,2,3,4,-,-,-,13,2014,
New York Giants Defense,@JAC,18.56,13,21,35,194,-,1,5,68,-,1,1,13,2014,
Green Bay Packers Defense,NE,17.7,14,22,35,245,-,2,1,-1,-,-,-,13,2014,
San Francisco 49ers Defense,SEA,16.94,15,15,22,236,-,1,7,35,-,1,1,13,2014,
Detroit Lions Defense,CHI,15.1,16,31,48,280,2,2,1,-1,-,-,-,13,2014,
Carolina Panthers Defense,@MIN,14.72,17,15,21,138,-,2,2,12,-,-,-,13,2014,
Minnesota Vikings Defense,CAR,14.66,18,18,35,194,1,1,9,49,-,-,-,13,2014,
Buffalo Bills Defense,CLE,13.5,19,23,38,255,2,-,2,13,1,1,-,13,2014,
Denver Broncos Defense,@KC,12.72,20,15,23,153,1,2,5,6,-,-,-,13,2014,
Kansas City Chiefs Defense,DEN,12.56,21,17,34,179,-,2,2,-6,-,1,1,13,2014,
Atlanta Falcons Defense,ARI,12.46,22,24,39,294,2,1,1,7,-,-,-,13,2014,
Houston Texans Defense,TEN,11.8,23,19,31,275,3,2,1,8,-,-,-,13,2014,
Tampa Bay Buccaneers Defense,CIN,11.74,24,19,27,176,3,1,3,7,1,1,1,13,2014,
Jacksonville Jaguars Defense,NYG,9.88,25,24,34,247,-,1,-,-,-,-,-,13,2014,
New York Jets Defense,MIA,8.7,26,25,35,235,1,-,4,13,-,1,-,13,2014,
Cleveland Browns Defense,@BUF,7.6,27,17,31,190,2,1,-,-,-,-,-,13,2014,
Cincinnati Bengals Defense,@TB,5.6,28,15,29,190,1,-,1,-,-,1,1,13,2014,
Philadelphia Eagles Defense,@DAL,3.86,29,18,29,199,2,-,1,-1,-,-,-,13,2014,
Seattle Seahawks Defense,@SF,2.54,30,16,29,121,2,-,3,17,-,-,-,13,2014,
Miami Dolphins Defense,@NYJ,2.5,31,7,13,65,1,-,4,19,-,-,-,13,2014,
St. Louis Rams Defense,OAK,1.3,32,29,48,230,3,-,1,1,-,-,-,13,2014,
New Orleans Saints Defense,CAR,35.34,1,21,33,226,-,3,12,83,1,2,-,14,2014,
Green Bay Packers Defense,ATL,31.3,2,24,39,375,1,4,2,23,-,-,-,14,2014,
Philadelphia Eagles Defense,SEA,29.32,3,22,37,263,-,2,10,48,1,-,-,14,2014,
Cincinnati Bengals Defense,PIT,27.9,4,25,39,350,-,3,1,-1,-,-,-,14,2014,
Atlanta Falcons Defense,@GB,27.88,5,24,36,327,-,3,5,28,-,3,2,14,2014,
Dallas Cowboys Defense,@CHI,26.54,6,32,46,341,1,2,2,9,1,1,1,14,2014,
Pittsburgh Steelers Defense,@CIN,25.38,7,25,35,327,-,2,5,23,1,1,-,14,2014,
Miami Dolphins Defense,BAL,24.36,8,25,33,269,1,2,7,16,1,2,1,14,2014,
Tampa Bay Buccaneers Defense,@DET,24.24,9,26,34,311,-,3,3,-2,-,-,-,14,2014,
Cleveland Browns Defense,IND,23.46,10,24,53,294,2,2,5,37,1,2,-,14,2014,
San Francisco 49ers Defense,@OAK,22.36,11,22,28,254,-,3,2,2,-,1,1,14,2014,
Denver Broncos Defense,BUF,20.3,12,38,57,355,2,1,1,1,1,1,1,14,2014,
Chicago Bears Defense,DAL,20,13,21,26,205,-,3,2,-2,-,-,-,14,2014,
San Diego Chargers Defense,NE,19.38,14,28,44,317,1,2,4,7,-,1,-,14,2014,
New York Jets Defense,@MIN,19.06,15,19,27,309,1,2,3,7,-,1,1,14,2014,
Kansas City Chiefs Defense,@ARI,17.26,16,15,30,239,-,1,4,17,-,1,1,14,2014,
Washington Redskins Defense,STL,16.42,17,16,22,213,-,2,2,-1,-,-,-,14,2014,
Arizona Cardinals Defense,KC,16.32,18,26,39,293,1,1,4,26,-,-,-,14,2014,
Minnesota Vikings Defense,NYJ,15.46,19,18,29,254,1,1,6,33,-,2,1,14,2014,
Baltimore Ravens Defense,@MIA,13.68,20,23,33,227,-,1,2,6,-,-,-,14,2014,
Jacksonville Jaguars Defense,HOU,12.9,21,13,19,135,-,-,9,15,1,2,2,14,2014,
Detroit Lions Defense,TB,12.8,22,20,39,250,2,2,4,8,-,1,1,14,2014,
Tennessee Titans Defense,NYG,12.1,23,26,42,260,1,1,2,-3,-,-,-,14,2014,
Carolina Panthers Defense,@NO,12,24,29,49,235,1,1,1,6,-,-,-,14,2014,
Houston Texans Defense,@JAC,11.2,25,20,39,205,1,1,3,10,-,1,-,14,2014,
Seattle Seahawks Defense,@PHI,10.54,26,10,20,96,1,2,1,7,-,-,-,14,2014,
New England Patriots Defense,@SD,10.36,27,20,33,189,1,1,3,8,-,-,-,14,2014,
Oakland Raiders Defense,SF,9.56,28,18,33,174,2,1,3,26,-,-,-,14,2014,
St. Louis Rams Defense,@WAS,6.38,29,23,36,232,2,-,2,11,-,-,-,14,2014,
New York Giants Defense,@TEN,4.94,30,23,35,206,2,-,3,27,-,-,-,14,2014,
Buffalo Bills Defense,@DEN,2.72,31,14,20,173,2,-,2,-2,-,-,-,14,2014,
Indianapolis Colts Defense,@CLE,1.74,32,13,30,136,2,-,2,3,-,-,-,14,2014,
Chicago Bears Defense,NO,27.2,1,29,36,375,-,3,3,2,-,-,-,15,2014,
Washington Redskins Defense,@NYG,22,2,23,34,250,-,3,-,-,-,-,-,15,2014,
Oakland Raiders Defense,@KC,21.48,3,18,31,297,-,2,4,16,-,-,-,15,2014,
Pittsburgh Steelers Defense,@ATL,21.1,4,26,37,310,1,2,3,27,-,-,-,15,2014,
Philadelphia Eagles Defense,DAL,20.5,5,22,31,265,-,3,4,-1,-,-,-,15,2014,
New York Giants Defense,WAS,20,6,22,34,275,-,1,7,70,-,1,1,15,2014,
Miami Dolphins Defense,@NE,19.28,7,21,35,287,1,2,3,18,-,1,-,15,2014,
Tampa Bay Buccaneers Defense,@CAR,16.48,8,25,40,277,-,1,5,14,-,-,-,15,2014,
New England Patriots Defense,MIA,15.94,9,29,47,346,2,1,3,21,-,1,1,15,2014,
Detroit Lions Defense,MIN,15.6,10,31,41,315,2,1,3,30,-,-,-,15,2014,
Houston Texans Defense,@IND,15.28,11,18,34,187,1,2,8,18,-,1,-,15,2014,
Atlanta Falcons Defense,PIT,14.2,12,27,35,360,-,-,2,-2,-,2,-,15,2014,
New Orleans Saints Defense,@CHI,13.76,13,17,31,194,3,2,1,20,-,-,-,15,2014,
Jacksonville Jaguars Defense,@BAL,13.64,14,20,30,221,-,1,4,8,-,-,-,15,2014,
New York Jets Defense,@TEN,13,15,16,35,260,-,-,4,16,-,1,1,15,2014,
San Diego Chargers Defense,DEN,12.92,16,14,22,233,-,1,4,-4,-,-,-,15,2014,
Tennessee Titans Defense,NYJ,12.76,17,16,28,179,-,1,4,16,-,-,-,15,2014,
Carolina Panthers Defense,TB,12.26,18,13,28,154,1,1,2,21,1,1,-,15,2014,
San Francisco 49ers Defense,@SEA,11.42,19,12,24,168,1,1,5,27,-,-,-,15,2014,
Kansas City Chiefs Defense,OAK,10.88,20,27,56,222,-,1,1,-,-,-,-,15,2014,
Minnesota Vikings Defense,@DET,10.32,21,17,28,153,-,1,1,2,-,1,-,15,2014,
Seattle Seahawks Defense,SF,10.24,22,11,19,141,-,-,9,46,-,-,-,15,2014,
Denver Broncos Defense,@SD,9.58,23,24,41,232,2,1,1,3,-,-,-,15,2014,
Arizona Cardinals Defense,@STL,8.26,24,20,39,229,1,-,3,11,-,-,-,15,2014,
Baltimore Ravens Defense,JAC,6.6,25,21,37,210,1,-,1,2,-,-,-,15,2014,
Buffalo Bills Defense,GB,6.1,26,17,42,185,2,-,3,27,-,1,-,15,2014,
Dallas Cowboys Defense,@PHI,6.08,27,17,28,252,2,-,-,-,-,-,-,15,2014,
St. Louis Rams Defense,ARI,5.86,28,16,30,139,-,-,2,3,-,-,-,15,2014,
Green Bay Packers Defense,@BUF,3.92,29,14,27,158,1,-,3,-4,-,-,-,15,2014,
Indianapolis Colts Defense,HOU,3.48,30,13,25,157,1,-,7,12,-,-,-,15,2014,
Cleveland Browns Defense,CIN,2.98,31,14,24,117,1,-,2,3,-,-,-,15,2014,
Cincinnati Bengals Defense,@CLE,0.5,32,10,18,80,2,-,5,13,-,-,-,15,2014,
Arizona Cardinals Defense,SEA,36.36,1,21,32,339,-,2,6,88,1,1,1,16,2014,
Indianapolis Colts Defense,@DAL,33.24,2,19,21,261,-,5,3,28,-,-,-,16,2014,
Minnesota Vikings Defense,@MIA,29.34,3,35,47,396,1,4,6,-5,-,-,-,16,2014,
San Diego Chargers Defense,@SF,27.66,4,15,24,114,-,1,7,151,1,1,-,16,2014,
St. Louis Rams Defense,NYG,27.34,5,25,32,391,-,3,3,-3,-,3,-,16,2014,
San Francisco 49ers Defense,SD,24.24,6,33,54,356,3,4,-,-,-,-,-,16,2014,
Cleveland Browns Defense,@CAR,22.34,7,18,31,201,1,1,12,63,1,3,3,16,2014,
Oakland Raiders Defense,BUF,21.16,8,32,49,329,2,3,-,-,-,-,-,16,2014,
Washington Redskins Defense,PHI,21.16,8,37,50,374,1,2,5,22,-,-,-,16,2014,
Miami Dolphins Defense,MIN,17.66,10,19,26,259,1,2,5,13,-,-,-,16,2014,
New York Giants Defense,@STL,17.6,11,24,32,290,1,2,1,-,-,-,-,16,2014,
New Orleans Saints Defense,ATL,17.58,12,30,40,322,-,1,2,7,-,-,-,16,2014,
Jacksonville Jaguars Defense,TEN,16.68,13,24,35,287,-,1,3,12,-,-,-,16,2014,
Buffalo Bills Defense,@OAK,16.56,14,17,34,214,-,2,4,-,-,-,-,16,2014,
Tampa Bay Buccaneers Defense,GB,14.42,15,31,40,318,-,1,3,-3,-,3,-,16,2014,
Denver Broncos Defense,@CIN,14.34,16,17,25,146,1,2,6,25,-,1,-,16,2014,
Detroit Lions Defense,@CHI,14.14,17,23,39,181,1,2,3,9,-,-,-,16,2014,
Pittsburgh Steelers Defense,KC,13.84,18,31,45,311,-,-,2,14,-,-,-,16,2014,
Tennessee Titans Defense,@JAC,13.6,19,13,26,115,-,1,5,50,-,1,1,16,2014,
Cincinnati Bengals Defense,DEN,12.44,20,28,44,311,4,2,-,-,-,-,-,16,2014,
Kansas City Chiefs Defense,@PIT,12.4,21,18,25,220,-,1,4,-4,-,-,-,16,2014,
Atlanta Falcons Defense,@NO,11.32,22,30,47,313,2,1,2,8,-,-,-,16,2014,
New England Patriots Defense,@NYJ,11.3,23,17,27,210,1,1,3,9,-,1,-,16,2014,
Carolina Panthers Defense,CLE,10.84,24,10,21,166,1,1,4,22,-,-,-,16,2014,
Houston Texans Defense,BAL,10.3,25,21,50,195,3,2,1,5,-,-,-,16,2014,
New York Jets Defense,NE,10.28,26,23,35,182,1,1,7,10,-,4,3,16,2014,
Philadelphia Eagles Defense,@WAS,7.9,27,16,23,220,1,-,5,11,-,1,1,16,2014,
Dallas Cowboys Defense,IND,7.4,28,30,43,235,2,1,-,-,-,-,-,16,2014,
Baltimore Ravens Defense,@HOU,7.3,29,20,42,185,1,-,4,19,-,1,1,16,2014,
Seattle Seahawks Defense,@ARI,6.64,30,18,45,216,1,-,-,-,-,-,-,16,2014,
Chicago Bears Defense,DET,5.92,31,22,39,243,2,-,4,2,-,-,-,16,2014,
Green Bay Packers Defense,@TB,3.88,32,12,26,147,1,-,-,-,-,-,-,16,2014,
Miami Dolphins Defense,NYJ,26.12,1,20,25,358,-,3,5,18,-,-,-,17,2014,
Detroit Lions Defense,@GB,24.68,2,18,23,232,-,2,2,14,1,1,1,17,2014,
Tennessee Titans Defense,IND,24.3,3,23,35,315,-,3,5,-3,-,-,-,17,2014,
Arizona Cardinals Defense,@SF,22.46,4,15,26,204,-,2,7,63,-,-,-,17,2014,
Green Bay Packers Defense,DET,21.58,5,20,41,217,-,3,4,29,-,-,-,17,2014,
Cleveland Browns Defense,@BAL,20.58,6,22,36,312,-,2,3,1,-,3,-,17,2014,
New York Giants Defense,PHI,19.88,7,23,36,292,1,2,7,22,-,3,3,17,2014,
Atlanta Falcons Defense,CAR,19.66,8,10,16,114,-,1,6,51,1,2,1,17,2014,
Dallas Cowboys Defense,@WAS,19.34,9,27,41,336,2,1,6,19,1,1,1,17,2014,
Philadelphia Eagles Defense,@NYG,19.16,10,28,53,429,1,1,-,-,-,-,-,17,2014,
Washington Redskins Defense,DAL,17.96,11,22,34,299,1,2,1,-,-,-,-,17,2014,
Cincinnati Bengals Defense,@PIT,16.98,12,24,38,317,1,2,4,3,-,-,-,17,2014,
Jacksonville Jaguars Defense,@HOU,15.6,13,25,35,250,1,2,6,16,-,-,-,17,2014,
San Francisco 49ers Defense,ARI,14.64,14,23,39,316,3,2,-,-,-,-,-,17,2014,
Pittsburgh Steelers Defense,CIN,14.56,15,27,38,244,2,2,3,8,-,-,-,17,2014,
Oakland Raiders Defense,@DEN,13.88,16,23,39,312,-,1,2,-6,-,-,-,17,2014,
New York Jets Defense,@MIA,12.36,17,23,39,259,-,1,-,-,-,-,-,17,2014,
Chicago Bears Defense,@MIN,12.16,18,17,25,209,1,1,6,18,-,1,-,17,2014,
Minnesota Vikings Defense,CHI,10.78,19,23,36,172,-,-,3,39,-,-,-,17,2014,
Houston Texans Defense,JAC,10.78,19,14,33,117,-,-,3,61,-,-,-,17,2014,
Buffalo Bills Defense,@NE,9.3,21,18,33,170,-,-,6,25,-,1,-,17,2014,
Tampa Bay Buccaneers Defense,NO,9.14,22,24,38,281,3,1,2,-2,-,-,-,17,2014,
Indianapolis Colts Defense,@TEN,8.96,23,13,31,79,-,1,5,18,-,1,1,17,2014,
New England Patriots Defense,BUF,8.74,24,16,23,176,-,1,2,-3,-,-,-,17,2014,
St. Louis Rams Defense,@SEA,8.26,25,17,25,239,1,-,6,7,-,-,-,17,2014,
San Diego Chargers Defense,@KC,7.88,26,16,27,157,-,-,3,16,-,-,-,17,2014,
New Orleans Saints Defense,@TB,7.2,27,14,23,115,1,1,2,6,-,-,-,17,2014,
Carolina Panthers Defense,@ATL,7,28,29,47,260,2,-,1,6,-,-,-,17,2014,
Denver Broncos Defense,OAK,6.92,29,18,36,158,1,1,3,6,-,-,-,17,2014,
Kansas City Chiefs Defense,SD,5.84,30,20,34,291,2,-,1,2,-,-,-,17,2014,
Seattle Seahawks Defense,STL,5.72,31,26,37,243,2,-,-,-,-,-,-,17,2014,
Baltimore Ravens Defense,CLE,3.98,32,14,28,177,1,-,7,9,-,-,-,17,2014,
Baltimore Ravens Defense,@DEN,46.28,1,27,42,462,-,7,2,-2,-,-,-,1,2013,
Green Bay Packers Defense,@SF,30.68,2,27,39,412,-,3,7,22,-,2,1,1,2013,
Dallas Cowboys Defense,NYG,28.8,3,27,42,450,3,4,2,8,-,-,-,1,2013,
Washington Redskins Defense,PHI,25.52,4,15,25,203,-,2,9,54,1,2,2,1,2013,
Oakland Raiders Defense,@IND,24.92,5,18,23,178,-,2,6,38,1,1,-,1,2013,
San Francisco 49ers Defense,GB,24.62,6,21,37,333,1,3,2,13,-,-,-,1,2013,
San Diego Chargers Defense,HOU,23.84,7,34,45,346,1,3,-,-,-,-,-,1,2013,
Houston Texans Defense,@SD,23.6,8,14,29,195,1,4,1,18,-,-,-,1,2013,
Atlanta Falcons Defense,@NO,20.48,9,26,35,357,1,2,3,2,-,-,-,1,2013,
Arizona Cardinals Defense,@STL,20.06,10,27,38,299,1,2,2,1,-,-,-,1,2013,
Minnesota Vikings Defense,@DET,19.98,11,28,43,357,1,2,6,-3,-,-,-,1,2013,
Indianapolis Colts Defense,OAK,19.88,12,19,29,217,2,1,13,112,-,-,-,1,2013,
Philadelphia Eagles Defense,@WAS,19.56,13,30,49,329,2,2,5,24,-,-,-,1,2013,
New Orleans Saints Defense,ATL,19.36,14,25,38,304,1,2,1,12,-,-,-,1,2013,
Denver Broncos Defense,BAL,18.48,15,34,62,362,2,2,-,-,-,-,-,1,2013,
Jacksonville Jaguars Defense,KC,17.32,16,21,34,173,-,2,5,24,-,-,-,1,2013,
Cincinnati Bengals Defense,@CHI,17.28,17,21,33,242,1,2,3,16,-,-,-,1,2013,
St. Louis Rams Defense,ARI,17.08,18,26,40,327,1,2,-,-,-,-,-,1,2013,
New York Giants Defense,@DAL,16.42,19,36,49,263,1,2,2,-1,-,1,-,1,2013,
New England Patriots Defense,@BUF,16.3,20,18,27,150,-,2,3,23,-,-,-,1,2013,
Carolina Panthers Defense,SEA,15.5,21,25,33,320,-,1,5,7,-,-,-,1,2013,
Chicago Bears Defense,CIN,15.48,22,26,33,282,2,2,2,2,-,-,-,1,2013,
Buffalo Bills Defense,NE,15.12,23,29,52,288,1,2,4,-4,-,4,1,1,2013,
Tampa Bay Buccaneers Defense,@NYJ,14.94,24,24,38,256,1,1,6,47,-,-,-,1,2013,
Cleveland Browns Defense,MIA,13.18,25,24,38,272,1,1,5,3,-,-,-,1,2013,
Seattle Seahawks Defense,@CAR,12.8,26,16,23,125,-,1,5,38,-,-,-,1,2013,
New York Jets Defense,TB,10.4,27,15,31,210,1,1,1,-,-,-,-,1,2013,
Miami Dolphins Defense,@CLE,9.56,28,26,53,289,3,1,-,-,-,-,-,1,2013,
Tennessee Titans Defense,@PIT,7.64,29,21,33,191,1,1,1,-,-,1,-,1,2013,
Detroit Lions Defense,MIN,6.64,30,18,28,236,3,1,4,12,-,-,-,1,2013,
Pittsburgh Steelers Defense,TEN,5.3,31,11,20,125,-,-,5,3,-,-,-,1,2013,
Kansas City Chiefs Defense,@JAC,3.88,32,19,41,157,2,-,4,16,-,-,-,1,2013,
Washington Redskins Defense,@GB,34.9,1,34,42,480,-,4,3,-3,-,3,3,2,2013,
San Diego Chargers Defense,@PHI,34.32,2,23,37,428,-,2,5,34,1,2,1,2,2013,
Philadelphia Eagles Defense,SD,29.86,3,36,47,419,-,3,3,11,-,-,-,2,2013,
Atlanta Falcons Defense,STL,26.58,4,32,55,352,1,3,3,25,-,1,1,2,2013,
St. Louis Rams Defense,@ATL,22.96,5,33,43,374,-,2,-,-,-,-,-,2,2013,
Green Bay Packers Defense,WAS,22.9,6,26,40,320,1,3,4,1,-,2,2,2,2013,
Dallas Cowboys Defense,@KC,22.62,7,21,36,223,-,2,8,57,-,2,-,2,2013,
New York Giants Defense,DEN,19.98,8,30,43,307,-,2,3,-3,-,-,-,2,2013,
Tennessee Titans Defense,@HOU,19.92,9,26,48,298,2,3,-,-,-,-,-,2,2013,
Miami Dolphins Defense,@IND,18.64,10,25,43,321,1,1,4,38,-,1,-,2,2013,
Minnesota Vikings Defense,@CHI,18.58,11,27,38,292,2,3,3,9,-,-,-,2,2013,
Arizona Cardinals Defense,DET,17.22,12,24,36,278,-,2,2,1,-,-,-,2,2013,
Buffalo Bills Defense,CAR,16.66,13,21,38,229,1,2,4,15,-,1,-,2,2013,
Pittsburgh Steelers Defense,@CIN,16.2,14,25,45,280,-,1,3,10,-,-,-,2,2013,
Carolina Panthers Defense,@BUF,15.14,15,27,39,296,1,1,4,13,-,2,1,2,2013,
Houston Texans Defense,TEN,14.92,16,17,30,148,-,2,2,10,-,-,-,2,2013,
Indianapolis Colts Defense,MIA,14.86,17,23,34,319,-,1,4,1,-,-,-,2,2013,
Oakland Raiders Defense,JAC,14.54,18,25,38,241,-,1,2,9,-,-,-,2,2013,
Kansas City Chiefs Defense,DAL,14.22,19,30,42,298,-,1,2,3,-,-,-,2,2013,
Cleveland Browns Defense,@BAL,13.04,20,22,33,211,-,1,4,6,-,2,-,2,2013,
Chicago Bears Defense,MIN,12.88,21,16,30,227,1,1,6,18,-,1,-,2,2013,
Tampa Bay Buccaneers Defense,NO,12.88,21,26,46,322,2,1,-,-,-,-,-,2,2013,
Cincinnati Bengals Defense,PIT,12.64,23,20,37,251,1,1,1,6,-,-,-,2,2013,
Detroit Lions Defense,@ARI,11.72,24,22,39,248,1,1,2,-2,-,-,-,2,2013,
New York Jets Defense,@NE,11.2,25,19,39,185,-,1,2,-2,-,1,1,2,2013,
San Francisco 49ers Defense,@SEA,10.98,26,8,19,142,1,1,10,33,-,3,2,2,2013,
Denver Broncos Defense,@NYG,10.48,27,28,49,362,4,1,-,-,-,-,-,2,2013,
Jacksonville Jaguars Defense,@OAK,10.04,28,15,24,126,-,-,9,50,-,1,-,2,2013,
Baltimore Ravens Defense,CLE,10.02,29,22,37,233,-,-,2,7,-,-,-,2,2013,
New Orleans Saints Defense,@TB,6.6,30,9,22,125,1,1,3,16,-,-,-,2,2013,
Seattle Seahawks Defense,SF,5.78,31,13,28,127,3,-,9,87,-,1,-,2,2013,
New England Patriots Defense,NYJ,4.26,32,15,35,214,3,-,3,17,-,-,-,2,2013,
Jacksonville Jaguars Defense,@SEA,36.84,1,21,29,331,1,5,5,16,1,1,1,3,2013,
Arizona Cardinals Defense,@NO,31.78,2,29,46,342,1,3,6,21,1,3,-,3,2013,
New York Giants Defense,@CAR,29.32,3,15,27,223,1,3,9,44,1,2,1,3,2013,
San Diego Chargers Defense,@TEN,28.76,4,23,37,299,-,1,5,68,1,2,1,3,2013,
Oakland Raiders Defense,@DEN,24.76,5,32,37,374,-,3,3,-2,-,-,-,3,2013,
Buffalo Bills Defense,@NYJ,24.64,6,16,29,331,2,2,4,14,1,1,1,3,2013,
Cleveland Browns Defense,@MIN,21.72,7,25,42,228,1,-,5,46,2,2,3,3,2013,
Washington Redskins Defense,DET,21.6,8,25,42,385,1,2,1,2,-,1,-,3,2013,
St. Louis Rams Defense,@DAL,20.4,9,17,24,210,-,3,-,-,-,-,-,3,2013,
New York Jets Defense,BUF,19.72,10,19,42,243,-,1,6,40,-,2,2,3,2013,
Denver Broncos Defense,OAK,19.6,11,20,30,300,-,1,4,36,-,1,1,3,2013,
Minnesota Vikings Defense,CLE,18.64,12,30,54,321,3,3,1,-2,-,-,-,3,2013,
Chicago Bears Defense,@PIT,16.94,13,26,41,406,2,2,2,7,-,-,-,3,2013,
Kansas City Chiefs Defense,@PHI,15.94,14,13,30,201,2,1,4,99,-,-,-,3,2013,
Tampa Bay Buccaneers Defense,@NE,15.5,15,25,36,225,1,2,5,5,-,1,-,3,2013,
Miami Dolphins Defense,ATL,15.24,16,23,38,231,1,2,-,-,-,-,-,3,2013,
San Francisco 49ers Defense,IND,14.76,17,17,26,159,-,-,4,24,1,1,-,3,2013,
Atlanta Falcons Defense,@MIA,14.14,18,24,35,236,1,2,2,7,-,-,-,3,2013,
Philadelphia Eagles Defense,KC,14.12,19,22,35,273,-,-,11,32,-,4,-,3,2013,
Green Bay Packers Defense,@CIN,13.7,20,20,28,235,1,2,4,3,-,-,-,3,2013,
Dallas Cowboys Defense,STL,13.6,21,29,48,240,-,1,-,-,-,-,-,3,2013,
Detroit Lions Defense,@WAS,12.74,22,32,50,326,1,-,6,37,-,-,-,3,2013,
Cincinnati Bengals Defense,GB,12.16,23,26,43,244,2,1,3,24,-,1,1,3,2013,
Pittsburgh Steelers Defense,CHI,11.46,24,20,30,159,-,1,4,11,-,-,-,3,2013,
Tennessee Titans Defense,SD,10.46,25,20,24,184,-,1,-,-,-,-,-,3,2013,
New England Patriots Defense,TB,7.84,26,19,41,236,1,-,1,4,-,-,-,3,2013,
Houston Texans Defense,@BAL,6.84,27,16,24,171,-,-,-,-,-,-,-,3,2013,
Seattle Seahawks Defense,JAC,5.9,28,18,38,235,2,-,2,5,-,-,-,3,2013,
Baltimore Ravens Defense,HOU,5.76,29,25,35,194,1,-,-,-,-,-,-,3,2013,
Indianapolis Colts Defense,@SF,4,30,13,27,150,1,-,7,20,-,-,-,3,2013,
New Orleans Saints Defense,ARI,3.48,31,18,35,187,2,-,-,-,-,-,-,3,2013,
Carolina Panthers Defense,NYG,2.8,32,14,27,135,2,-,1,14,-,-,-,3,2013,
Miami Dolphins Defense,@NO,32.72,1,30,39,413,-,4,4,2,-,-,-,4,2013,
Philadelphia Eagles Defense,@DEN,29.78,2,-,-,-,-,-,-,-,-,-,-,4,2013,
New York Jets Defense,@TEN,27.78,3,21,32,257,-,4,5,15,-,-,-,4,2013,
Dallas Cowboys Defense,@SD,26.04,4,35,42,401,1,3,-,-,-,-,-,4,2013,
New York Giants Defense,@KC,23.02,5,24,41,288,2,3,9,35,-,1,1,4,2013,
New England Patriots Defense,@ATL,22.84,6,34,54,421,1,2,-,-,-,-,-,4,2013,
Atlanta Falcons Defense,NE,20.44,7,20,31,316,-,2,5,-2,-,-,-,4,2013,
Jacksonville Jaguars Defense,IND,20.36,8,23,38,294,1,2,2,26,-,-,-,4,2013,
Denver Broncos Defense,PHI,19.98,9,17,31,297,-,1,8,41,-,1,-,4,2013,
Cincinnati Bengals Defense,@CLE,19.46,10,-,-,-,-,-,-,-,-,-,-,4,2013,
San Diego Chargers Defense,DAL,19.34,11,27,37,246,-,2,1,15,-,-,-,4,2013,
Seattle Seahawks Defense,@HOU,18.7,12,31,49,355,2,2,1,5,-,-,-,4,2013,
Pittsburgh Steelers Defense,@MIN,18.42,13,16,25,248,-,2,2,5,-,-,-,4,2013,
Detroit Lions Defense,CHI,17.58,14,27,47,317,3,2,1,9,-,-,-,4,2013,
Chicago Bears Defense,@DET,16.48,15,23,35,242,1,1,5,8,1,2,1,4,2013,
Minnesota Vikings Defense,PIT,15.32,16,36,51,383,1,1,-,-,-,-,-,4,2013,
Oakland Raiders Defense,WAS,14.08,17,18,31,227,-,1,3,10,-,-,-,4,2013,
St. Louis Rams Defense,SF,13.78,18,15,23,167,-,2,3,11,-,-,-,4,2013,
Buffalo Bills Defense,BAL,11.88,19,25,50,347,5,2,-,-,-,-,-,4,2013,
New Orleans Saints Defense,MIA,10.76,20,22,35,249,3,1,4,48,-,-,-,4,2013,
Houston Texans Defense,SEA,10.62,21,-,-,-,-,-,-,-,-,-,-,4,2013,
Tampa Bay Buccaneers Defense,ARI,10.52,22,-,-,-,-,-,-,-,-,-,-,4,2013,
Tennessee Titans Defense,NYJ,8.26,23,23,34,289,2,1,3,7,-,-,-,4,2013,
Kansas City Chiefs Defense,NYG,7.88,24,18,37,217,1,1,2,12,-,-,-,4,2013,
San Francisco 49ers Defense,@STL,7.68,25,-,-,-,-,-,-,-,-,-,-,4,2013,
Washington Redskins Defense,@OAK,7.48,26,21,32,227,1,1,3,4,-,1,-,4,2013,
Arizona Cardinals Defense,@TB,5.62,27,24,43,193,2,1,2,-1,-,-,-,4,2013,
Cleveland Browns Defense,CIN,5.54,28,-,-,-,-,-,-,-,-,-,-,4,2013,
Baltimore Ravens Defense,@BUF,4.78,29,10,22,167,2,1,11,1,-,1,-,4,2013,
Indianapolis Colts Defense,@JAC,2.16,30,17,32,179,3,-,2,10,-,-,-,4,2013,
Carolina Panthers Defense,Bye,0,31,-,-,-,-,-,-,-,-,-,-,4,2013,
Green Bay Packers Defense,Bye,0,31,-,-,-,-,-,-,-,-,-,-,4,2013,
Denver Broncos Defense,@DAL,40.94,1,25,36,506,1,5,1,7,-,-,-,5,2013,
Dallas Cowboys Defense,DEN,35.76,2,33,42,414,1,4,4,-8,1,4,4,5,2013,
New York Giants Defense,PHI,28.08,3,22,39,302,-,2,10,80,-,2,1,5,2013,
New Orleans Saints Defense,@CHI,23.02,4,24,33,358,-,2,4,27,-,-,-,5,2013,
Indianapolis Colts Defense,SEA,22.6,5,15,31,210,1,2,13,102,-,1,-,5,2013,
Atlanta Falcons Defense,NYJ,22.06,6,16,20,199,-,3,3,21,-,-,-,5,2013,
Jacksonville Jaguars Defense,@STL,21.28,7,19,34,222,-,3,5,4,-,3,3,5,2013,
Kansas City Chiefs Defense,@TEN,20.88,8,21,41,247,2,1,6,50,1,3,3,5,2013,
San Diego Chargers Defense,@OAK,19.94,9,-,-,-,-,-,-,-,-,-,-,5,2013,
Chicago Bears Defense,NO,19.32,10,29,35,288,-,2,1,-2,-,-,-,5,2013,
New York Jets Defense,@ATL,18.76,11,36,45,319,-,2,-,-,-,-,-,5,2013,
Oakland Raiders Defense,SD,18.44,12,35,48,411,3,2,-,-,-,-,-,5,2013,
Seattle Seahawks Defense,@IND,18.06,13,16,29,229,-,2,4,9,-,-,-,5,2013,
Baltimore Ravens Defense,@MIA,16.88,14,-,-,-,-,-,-,-,-,-,-,5,2013,
Detroit Lions Defense,@GB,15.76,15,20,30,274,-,1,5,8,-,-,-,5,2013,
St. Louis Rams Defense,JAC,15.6,16,16,32,270,2,2,4,8,-,2,1,5,2013,
Philadelphia Eagles Defense,@NYG,15.36,17,24,52,334,3,2,-,-,-,-,-,5,2013,
Green Bay Packers Defense,DET,14.38,18,25,40,262,-,1,1,-1,-,-,-,5,2013,
Buffalo Bills Defense,@CLE,13.98,19,15,28,222,-,1,4,11,-,1,-,5,2013,
Miami Dolphins Defense,BAL,10.06,20,19,32,269,1,-,2,13,-,-,-,5,2013,
Houston Texans Defense,@SF,9.62,21,6,15,113,-,1,4,11,-,3,-,5,2013,
New England Patriots Defense,@CIN,8.98,22,20,27,212,1,-,6,25,-,1,1,5,2013,
Tennessee Titans Defense,KC,8.8,23,20,39,245,1,-,3,10,-,-,-,5,2013,
Cleveland Browns Defense,BUF,7.76,24,19,40,209,1,-,1,14,-,-,-,5,2013,
Arizona Cardinals Defense,CAR,6.82,25,21,39,308,3,-,4,25,-,1,-,5,2013,
Cincinnati Bengals Defense,NE,5.88,26,18,38,197,1,-,-,-,-,-,-,5,2013,
Carolina Panthers Defense,@ARI,4.7,27,19,28,175,3,1,3,-3,-,-,-,5,2013,
San Francisco 49ers Defense,HOU,1.52,28,22,40,188,3,-,1,-,-,-,-,5,2013,
Tampa Bay Buccaneers Defense,Bye,0,29,-,-,-,-,-,-,-,-,-,-,5,2013,
Pittsburgh Steelers Defense,Bye,0,29,-,-,-,-,-,-,-,-,-,-,5,2013,
Minnesota Vikings Defense,Bye,0,29,-,-,-,-,-,-,-,-,-,-,5,2013,
Washington Redskins Defense,Bye,0,29,-,-,-,-,-,-,-,-,-,-,5,2013,
Minnesota Vikings Defense,CAR,30.58,1,20,26,242,-,3,11,29,1,3,2,6,2013,
Tampa Bay Buccaneers Defense,PHI,30.04,2,22,31,296,-,3,3,2,1,1,1,6,2013,
Buffalo Bills Defense,CIN,25.18,3,26,40,337,1,3,7,17,-,-,-,6,2013,
Cleveland Browns Defense,DET,24.52,4,25,43,248,1,4,2,6,-,-,-,6,2013,
Cincinnati Bengals Defense,@BUF,22.34,5,19,32,216,-,2,7,17,1,2,1,6,2013,
New York Giants Defense,@CHI,20.48,6,24,36,262,-,2,3,20,-,1,-,6,2013,
Green Bay Packers Defense,@BAL,20.28,7,20,34,342,-,2,1,6,-,1,-,6,2013,
Philadelphia Eagles Defense,@TB,18.92,8,26,43,273,1,2,3,20,-,-,-,6,2013,
Houston Texans Defense,STL,17.08,9,12,16,117,-,3,1,4,-,-,-,6,2013,
Baltimore Ravens Defense,GB,16.7,10,17,32,315,1,1,5,21,-,2,2,6,2013,
Detroit Lions Defense,@CLE,16.68,11,26,43,292,2,2,2,10,-,-,-,6,2013,
New England Patriots Defense,NO,16.54,12,-,-,-,-,-,-,-,-,-,-,6,2013,
Tennessee Titans Defense,@SEA,16.38,13,23,31,257,-,-,10,61,-,1,1,6,2013,
San Francisco 49ers Defense,ARI,15.92,14,25,41,298,2,2,-,-,-,-,-,6,2013,
Arizona Cardinals Defense,@SF,15.88,15,16,29,252,1,2,4,18,-,-,-,6,2013,
New York Jets Defense,PIT,15.66,16,23,30,264,-,1,2,11,-,1,-,6,2013,
New Orleans Saints Defense,@NE,14.36,17,25,43,269,1,1,2,16,-,-,-,6,2013,
Dallas Cowboys Defense,WAS,13.54,18,19,39,246,1,-,9,77,-,2,1,6,2013,
Indianapolis Colts Defense,@SD,13.38,19,22,33,237,-,1,1,-1,-,-,-,6,2013,
Jacksonville Jaguars Defense,@DEN,13.1,20,28,42,295,1,2,5,-7,-,1,1,6,2013,
Carolina Panthers Defense,@MIN,12.74,21,32,44,241,2,1,2,7,-,-,-,6,2013,
Kansas City Chiefs Defense,OAK,12.24,22,18,34,216,3,1,7,56,-,-,-,6,2013,
Washington Redskins Defense,@DAL,8.8,23,18,30,170,1,1,-,-,-,-,-,6,2013,
Oakland Raiders Defense,@KC,8.02,24,-,-,-,-,-,-,-,-,-,-,6,2013,
San Diego Chargers Defense,IND,7.98,25,18,30,202,1,-,4,19,-,1,-,6,2013,
Denver Broncos Defense,JAC,7.82,26,27,42,303,2,-,2,-3,-,-,-,6,2013,
Chicago Bears Defense,NYG,7.56,27,14,26,239,3,1,-,-,-,-,-,6,2013,
St. Louis Rams Defense,@HOU,7.36,28,27,38,284,2,-,-,-,-,-,-,6,2013,
Seattle Seahawks Defense,TEN,6.14,29,17,29,171,2,-,6,33,-,1,-,6,2013,
Pittsburgh Steelers Defense,@NYJ,4.84,30,19,34,201,2,-,3,8,-,-,-,6,2013,
Miami Dolphins Defense,Bye,0,31,-,-,-,-,-,-,-,-,-,-,6,2013,
Atlanta Falcons Defense,Bye,0,31,-,-,-,-,-,-,-,-,-,-,6,2013,
Denver Broncos Defense,@IND,30.02,1,21,38,228,-,3,4,29,1,1,-,7,2013,
Detroit Lions Defense,CIN,27.48,2,24,34,372,-,3,1,6,-,-,-,7,2013,
Chicago Bears Defense,@WAS,26.32,3,18,29,298,1,2,11,84,-,1,-,7,2013,
Cincinnati Bengals Defense,@DET,26.28,4,28,51,357,-,3,-,-,-,-,-,7,2013,
Indianapolis Colts Defense,DEN,25.34,5,29,49,386,1,3,1,-1,-,-,-,7,2013,
Cleveland Browns Defense,@GB,23.6,6,25,36,260,-,3,4,12,-,-,-,7,2013,
San Francisco 49ers Defense,@TEN,21.94,7,25,41,326,1,2,3,29,-,-,-,7,2013,
Tampa Bay Buccaneers Defense,@ATL,21.72,8,20,26,273,-,3,3,-12,-,-,-,7,2013,
Tennessee Titans Defense,SF,20.76,9,13,21,199,-,-,11,68,1,1,-,7,2013,
New England Patriots Defense,@NYJ,20.52,10,17,33,233,1,1,6,32,1,1,1,7,2013,
Arizona Cardinals Defense,SEA,20.3,11,18,29,235,-,3,8,29,-,-,-,7,2013,
Atlanta Falcons Defense,TB,17.54,12,-,-,-,-,-,-,-,-,-,-,7,2013,
Houston Texans Defense,@KC,16,13,23,34,240,1,-,6,28,1,4,3,7,2013,
Jacksonville Jaguars Defense,SD,15.5,14,22,26,285,-,1,5,1,-,2,1,7,2013,
St. Louis Rams Defense,@CAR,14.76,15,15,17,204,-,1,10,26,-,1,1,7,2013,
Washington Redskins Defense,CHI,14.58,16,17,28,232,1,1,4,33,-,1,-,7,2013,
Buffalo Bills Defense,@MIA,14.26,17,19,37,194,2,3,3,5,-,3,2,7,2013,
Pittsburgh Steelers Defense,BAL,14,18,24,34,215,-,1,2,14,-,1,-,7,2013,
Kansas City Chiefs Defense,HOU,13.84,19,15,25,271,-,1,3,10,-,1,1,7,2013,
Baltimore Ravens Defense,@PIT,12.9,20,17,23,160,-,1,3,25,-,-,-,7,2013,
Philadelphia Eagles Defense,DAL,12.88,21,28,47,317,2,1,4,2,-,-,-,7,2013,
Minnesota Vikings Defense,@NYG,12.5,22,23,39,200,-,1,3,5,-,-,-,7,2013,
San Diego Chargers Defense,@JAC,11.22,23,23,36,318,1,-,4,5,-,-,-,7,2013,
Carolina Panthers Defense,STL,11.06,24,23,34,274,1,1,1,1,-,-,-,7,2013,
Seattle Seahawks Defense,@ARI,10.82,25,30,45,258,2,1,2,5,-,-,-,7,2013,
Green Bay Packers Defense,CLE,9.96,26,17,42,149,1,1,2,20,-,1,-,7,2013,
Miami Dolphins Defense,BUF,7.38,27,21,32,202,1,-,5,13,-,2,1,7,2013,
New York Jets Defense,NE,7.12,28,22,46,228,1,-,-,-,-,-,-,7,2013,
New York Giants Defense,MIN,5.6,29,20,53,190,1,-,-,-,-,-,-,7,2013,
Dallas Cowboys Defense,@PHI,4.86,30,-,-,-,-,-,-,-,-,-,-,7,2013,
Oakland Raiders Defense,Bye,0,31,-,-,-,-,-,-,-,-,-,-,7,2013,
New Orleans Saints Defense,Bye,0,31,-,-,-,-,-,-,-,-,-,-,7,2013,
Buffalo Bills Defense,@NO,33.18,1,26,34,332,-,5,4,-1,-,-,-,8,2013,
New York Jets Defense,@CIN,32.7,2,19,30,325,1,5,3,17,-,-,-,8,2013,
Jacksonville Jaguars Defense,SF,28.48,3,-,-,-,-,-,-,-,-,-,-,8,2013,
Tampa Bay Buccaneers Defense,CAR,27.84,4,23,32,221,-,2,11,50,1,2,2,8,2013,
Dallas Cowboys Defense,@DET,26.72,5,33,48,488,2,1,3,12,1,2,1,8,2013,
Minnesota Vikings Defense,GB,22.5,6,24,29,285,-,2,6,31,-,1,-,8,2013,
Washington Redskins Defense,@DEN,21.86,7,30,44,354,3,4,4,-3,-,-,-,8,2013,
Kansas City Chiefs Defense,CLE,21.42,8,22,36,293,-,2,3,17,-,-,-,8,2013,
Cleveland Browns Defense,@KC,21,9,24,36,225,-,2,6,40,-,-,-,8,2013,
Detroit Lions Defense,DAL,20.84,10,14,30,206,-,3,3,6,-,-,-,8,2013,
Pittsburgh Steelers Defense,@OAK,16.12,11,10,19,88,2,-,9,106,1,1,-,8,2013,
Green Bay Packers Defense,@MIN,15.6,12,14,21,145,-,-,5,38,1,1,-,8,2013,
Carolina Panthers Defense,@TB,15.2,13,30,51,275,-,1,3,2,-,-,-,8,2013,
St. Louis Rams Defense,SEA,15.16,14,10,18,139,-,2,3,16,-,2,2,8,2013,
Atlanta Falcons Defense,@ARI,13.78,15,13,18,172,1,2,1,9,-,-,-,8,2013,
San Francisco 49ers Defense,@JAC,13.22,16,29,45,228,-,1,1,1,-,1,1,8,2013,
Oakland Raiders Defense,PIT,11.1,17,29,45,275,2,1,1,1,-,-,-,8,2013,
New England Patriots Defense,MIA,10.88,18,22,42,192,2,2,1,12,-,-,-,8,2013,
Philadelphia Eagles Defense,NYG,9.74,19,-,-,-,-,-,-,-,-,-,-,8,2013,
Arizona Cardinals Defense,ATL,9.34,20,34,61,301,4,1,1,13,-,-,-,8,2013,
New Orleans Saints Defense,BUF,7.86,21,22,39,234,1,1,2,5,-,1,-,8,2013,
Cincinnati Bengals Defense,NYJ,7.34,22,23,37,176,2,-,5,43,-,-,-,8,2013,
Miami Dolphins Defense,@NE,7.14,23,13,22,116,1,1,4,5,-,-,-,8,2013,
Seattle Seahawks Defense,@STL,3.42,24,15,31,158,2,-,2,11,-,-,-,8,2013,
Denver Broncos Defense,WAS,2,25,20,39,180,4,1,6,8,-,-,-,8,2013,
New York Giants Defense,@PHI,1.62,26,23,35,188,2,-,1,1,-,-,-,8,2013,
Baltimore Ravens Defense,Bye,0,27,-,-,-,-,-,-,-,-,-,-,8,2013,
Houston Texans Defense,Bye,0,27,-,-,-,-,-,-,-,-,-,-,8,2013,
San Diego Chargers Defense,Bye,0,27,-,-,-,-,-,-,-,-,-,-,8,2013,
Chicago Bears Defense,Bye,0,27,-,-,-,-,-,-,-,-,-,-,8,2013,
Tennessee Titans Defense,Bye,0,27,-,-,-,-,-,-,-,-,-,-,8,2013,
Indianapolis Colts Defense,Bye,0,27,-,-,-,-,-,-,-,-,-,-,8,2013,
Oakland Raiders Defense,PHI,45.56,1,24,31,419,-,7,6,8,-,-,-,9,2013,
Pittsburgh Steelers Defense,@NE,33.18,2,23,33,432,-,4,1,-1,-,-,-,9,2013,
Indianapolis Colts Defense,@HOU,28.6,3,20,34,350,-,3,3,26,-,-,-,9,2013,
New England Patriots Defense,PIT,25.9,4,28,48,400,2,4,2,-1,-,-,-,9,2013,
Houston Texans Defense,IND,24.84,5,18,40,271,-,3,-,-,-,-,-,9,2013,
Baltimore Ravens Defense,@CLE,24.4,6,24,37,260,-,3,4,20,-,-,-,9,2013,
Tampa Bay Buccaneers Defense,@SEA,22.28,7,19,26,217,2,2,6,36,1,3,2,9,2013,
Green Bay Packers Defense,CHI,20.88,8,-,-,-,-,-,-,-,-,-,-,9,2013,
Cleveland Browns Defense,BAL,20.5,9,24,41,250,1,2,3,25,-,-,-,9,2013,
Philadelphia Eagles Defense,@OAK,20.4,10,29,56,375,2,-,10,94,-,1,1,9,2013,
Minnesota Vikings Defense,@DAL,20.28,11,34,51,337,1,2,1,8,-,-,-,9,2013,
New York Jets Defense,NO,19.18,12,30,51,382,2,2,1,-1,-,-,-,9,2013,
Washington Redskins Defense,SD,19.04,13,29,46,341,2,2,2,14,-,1,-,9,2013,
Dallas Cowboys Defense,MIN,18.34,14,25,37,236,1,1,4,29,1,2,1,9,2013,
Atlanta Falcons Defense,@CAR,18.16,15,23,37,249,2,1,5,22,1,1,1,9,2013,
Seattle Seahawks Defense,TB,16.02,16,17,23,168,-,2,4,13,-,-,-,9,2013,
Cincinnati Bengals Defense,@MIA,14.42,17,20,28,208,-,-,1,1,1,1,1,9,2013,
New Orleans Saints Defense,@NYJ,12.4,18,8,19,115,-,-,6,18,1,4,2,9,2013,
Tennessee Titans Defense,@STL,12,19,20,35,210,-,1,1,16,-,-,-,9,2013,
San Diego Chargers Defense,@WAS,11.34,20,23,32,291,1,-,6,17,-,1,-,9,2013,
Kansas City Chiefs Defense,@BUF,10.86,21,-,-,-,-,-,-,-,-,-,-,9,2013,
St. Louis Rams Defense,TEN,10.4,22,-,-,-,-,-,-,-,-,-,-,9,2013,
Carolina Panthers Defense,ATL,6.96,23,-,-,-,-,-,-,-,-,-,-,9,2013,
Miami Dolphins Defense,CIN,6.72,24,32,53,338,3,-,5,12,-,-,-,9,2013,
Buffalo Bills Defense,KC,5.66,25,19,29,124,-,-,4,7,-,-,-,9,2013,
Chicago Bears Defense,@GB,4.54,26,-,-,-,-,-,-,-,-,-,-,9,2013,
Detroit Lions Defense,Bye,0,27,-,-,-,-,-,-,-,-,-,-,9,2013,
Arizona Cardinals Defense,Bye,0,27,-,-,-,-,-,-,-,-,-,-,9,2013,
New York Giants Defense,Bye,0,27,-,-,-,-,-,-,-,-,-,-,9,2013,
San Francisco 49ers Defense,Bye,0,27,-,-,-,-,-,-,-,-,-,-,9,2013,
Jacksonville Jaguars Defense,Bye,0,27,-,-,-,-,-,-,-,-,-,-,9,2013,
Denver Broncos Defense,Bye,0,27,-,-,-,-,-,-,-,-,-,-,9,2013,
Dallas Cowboys Defense,@NO,31.48,1,34,41,392,-,4,2,-2,-,-,-,10,2013,
Minnesota Vikings Defense,WAS,27.64,2,-,-,-,-,-,-,-,-,-,-,10,2013,
San Diego Chargers Defense,DEN,27.1,3,25,36,330,-,4,2,-1,-,-,-,10,2013,
Green Bay Packers Defense,PHI,22.92,4,12,18,228,-,3,8,38,-,3,1,10,2013,
Jacksonville Jaguars Defense,@TEN,22.62,5,26,42,288,1,2,6,31,1,2,1,10,2013,
Atlanta Falcons Defense,SEA,21.48,6,19,26,287,-,2,3,20,-,1,-,10,2013,
Arizona Cardinals Defense,HOU,19.34,7,-,-,-,-,-,-,-,-,-,-,10,2013,
Chicago Bears Defense,DET,18.66,8,18,35,219,1,3,2,-1,-,-,-,10,2013,
Detroit Lions Defense,@CHI,18.48,9,27,49,312,1,2,-,-,-,-,-,10,2013,
Indianapolis Colts Defense,STL,16.08,10,9,16,247,-,2,3,2,-,1,-,10,2013,
Washington Redskins Defense,@MIN,16.04,11,-,-,-,-,-,-,-,-,-,-,10,2013,
Tampa Bay Buccaneers Defense,MIA,15.36,12,27,42,229,1,2,1,2,-,-,-,10,2013,
Baltimore Ravens Defense,CIN,15.16,13,24,51,274,3,2,6,22,-,-,-,10,2013,
St. Louis Rams Defense,@IND,14.44,14,-,-,-,-,-,-,-,-,-,-,10,2013,
Philadelphia Eagles Defense,@GB,14.1,15,29,44,305,2,1,1,19,-,-,-,10,2013,
Houston Texans Defense,@ARI,13.44,16,20,32,241,1,2,2,-2,-,-,-,10,2013,
Denver Broncos Defense,@SD,13.42,17,-,-,-,-,-,-,-,-,-,-,10,2013,
Seattle Seahawks Defense,@ATL,12.38,18,23,36,172,-,1,3,15,-,-,-,10,2013,
Buffalo Bills Defense,@PIT,10.16,19,18,30,204,1,1,-,-,-,-,-,10,2013,
Pittsburgh Steelers Defense,BUF,9.9,20,22,39,155,1,1,2,17,-,1,-,10,2013,
Cincinnati Bengals Defense,@BAL,9.8,21,20,36,140,2,2,2,22,-,-,-,10,2013,
New Orleans Saints Defense,DAL,9.12,22,10,24,128,-,1,-,-,-,-,-,10,2013,
New York Giants Defense,OAK,8.78,23,11,26,122,1,-,5,19,1,1,1,10,2013,
Oakland Raiders Defense,@NYG,7.3,24,12,22,140,1,1,3,-3,-,-,-,10,2013,
Miami Dolphins Defense,@TB,7.26,25,11,21,139,1,1,4,-3,-,-,-,10,2013,
San Francisco 49ers Defense,CAR,6.26,26,16,32,169,1,-,8,15,-,-,-,10,2013,
Carolina Panthers Defense,@SF,3.24,27,11,22,91,1,-,4,16,-,-,-,10,2013,
Tennessee Titans Defense,JAC,3.1,28,14,23,180,2,-,2,-1,-,1,-,10,2013,
New England Patriots Defense,Bye,0,29,-,-,-,-,-,-,-,-,-,-,10,2013,
New York Jets Defense,Bye,0,29,-,-,-,-,-,-,-,-,-,-,10,2013,
Kansas City Chiefs Defense,Bye,0,29,-,-,-,-,-,-,-,-,-,-,10,2013,
Cleveland Browns Defense,Bye,0,29,-,-,-,-,-,-,-,-,-,-,10,2013,
Detroit Lions Defense,@PIT,31.88,1,29,45,367,-,4,6,12,-,1,-,11,2013,
New England Patriots Defense,@CAR,26.56,2,19,28,209,-,3,7,62,-,1,1,11,2013,
Jacksonville Jaguars Defense,ARI,24.46,3,30,42,419,-,2,3,-3,-,-,-,11,2013,
Philadelphia Eagles Defense,WAS,22.96,4,17,35,264,1,2,10,44,-,1,1,11,2013,
Pittsburgh Steelers Defense,DET,22.88,5,19,46,362,1,2,3,24,-,-,-,11,2013,
Washington Redskins Defense,@PHI,22.62,6,17,26,298,-,-,9,47,1,2,1,11,2013,
Denver Broncos Defense,KC,22.4,7,21,45,230,-,2,5,52,-,-,-,11,2013,
Houston Texans Defense,OAK,19.58,8,18,32,197,-,3,3,-3,-,-,-,11,2013,
Minnesota Vikings Defense,@SEA,18.74,9,14,21,236,-,2,3,13,-,1,-,11,2013,
New York Jets Defense,@BUF,18.7,10,20,28,245,-,2,7,9,-,-,-,11,2013,
Tennessee Titans Defense,IND,18.38,11,23,36,232,-,-,9,31,1,1,-,11,2013,
Atlanta Falcons Defense,@TB,17.64,12,20,23,231,-,2,1,4,-,-,-,11,2013,
Tampa Bay Buccaneers Defense,ATL,17.52,13,24,43,288,2,2,-,-,-,-,-,11,2013,
Indianapolis Colts Defense,@TEN,15.48,14,22,28,222,-,1,4,26,-,1,-,11,2013,
Oakland Raiders Defense,@HOU,15,15,25,49,325,1,1,-,-,-,-,-,11,2013,
Kansas City Chiefs Defense,@DEN,14.92,16,24,40,323,-,1,1,-,-,-,-,11,2013,
San Diego Chargers Defense,@MIA,14.82,17,22,35,268,1,1,4,21,-,1,1,11,2013,
Miami Dolphins Defense,SD,14.52,18,22,34,298,1,1,2,6,-,1,1,11,2013,
Carolina Panthers Defense,NE,14.14,19,29,40,296,1,1,1,3,-,-,-,11,2013,
San Francisco 49ers Defense,@NO,14.1,20,30,43,305,1,1,1,-1,-,-,-,11,2013,
New Orleans Saints Defense,SF,13.58,21,17,31,127,1,2,3,25,-,-,-,11,2013,
Green Bay Packers Defense,@NYG,13.46,22,25,35,279,1,1,1,3,-,-,-,11,2013,
Baltimore Ravens Defense,@CHI,12.54,23,19,31,216,-,1,2,-1,-,-,-,11,2013,
Cleveland Browns Defense,@CIN,11.72,24,13,27,93,2,3,4,-,-,-,-,11,2013,
Arizona Cardinals Defense,@JAC,10.2,25,-,-,-,-,-,-,-,-,-,-,11,2013,
Seattle Seahawks Defense,MIN,9.18,26,18,35,207,3,2,5,-,-,1,-,11,2013,
New York Giants Defense,GB,8.66,27,24,34,339,3,-,2,11,-,-,-,11,2013,
Chicago Bears Defense,BAL,8.48,28,-,-,-,-,-,-,-,-,-,-,11,2013,
Cincinnati Bengals Defense,CLE,7.92,29,27,56,248,3,1,-,-,-,-,-,11,2013,
Buffalo Bills Defense,NYJ,2.52,30,-,-,-,-,-,-,-,-,-,-,11,2013,
Dallas Cowboys Defense,Bye,0,31,-,-,-,-,-,-,-,-,-,-,11,2013,
St. Louis Rams Defense,Bye,0,31,-,-,-,-,-,-,-,-,-,-,11,2013,
Kansas City Chiefs Defense,SD,27.78,1,27,39,392,-,3,1,1,-,-,-,12,2013,
Minnesota Vikings Defense,@GB,27.54,2,28,53,316,-,1,6,49,1,2,1,12,2013,
Denver Broncos Defense,@NE,23.76,3,34,50,344,-,3,2,-,-,2,-,12,2013,
Washington Redskins Defense,SF,23.4,4,15,24,235,-,3,9,20,-,1,-,12,2013,
Oakland Raiders Defense,TEN,23.4,4,30,42,320,-,2,5,26,-,-,-,12,2013,
San Diego Chargers Defense,@KC,21.46,6,26,38,294,1,3,2,-3,-,-,-,12,2013,
Indianapolis Colts Defense,@ARI,20.56,7,26,37,314,-,2,-,-,-,-,-,12,2013,
Miami Dolphins Defense,CAR,20.06,8,-,-,-,-,-,-,-,-,-,-,12,2013,
Atlanta Falcons Defense,NO,18.52,9,23,33,278,-,2,4,-6,-,-,-,12,2013,
St. Louis Rams Defense,CHI,18.48,10,36,47,352,1,2,2,4,-,1,1,12,2013,
Carolina Panthers Defense,@MIA,18,11,28,42,310,1,1,4,36,-,-,-,12,2013,
Tampa Bay Buccaneers Defense,@DET,16.48,12,26,46,297,4,3,2,6,-,1,-,12,2013,
Cleveland Browns Defense,PIT,16.38,13,-,-,-,-,-,-,-,-,-,-,12,2013,
Detroit Lions Defense,TB,16.18,14,14,21,247,-,2,4,-17,-,-,-,12,2013,
New York Giants Defense,DAL,15.46,15,23,38,234,1,2,3,1,-,2,-,12,2013,
Dallas Cowboys Defense,@NYG,14.96,16,16,30,174,-,2,-,-,-,-,-,12,2013,
New York Jets Defense,@BAL,14.22,17,17,27,273,1,1,4,7,-,-,-,12,2013,
Arizona Cardinals Defense,IND,13.62,18,20,39,163,1,1,2,31,-,-,-,12,2013,
Pittsburgh Steelers Defense,@CLE,13.42,19,27,52,333,1,1,2,1,-,-,-,12,2013,
Tennessee Titans Defense,@OAK,13,20,19,32,260,1,1,2,6,-,-,-,12,2013,
Green Bay Packers Defense,MIN,12.82,21,21,30,233,-,1,3,-5,-,-,-,12,2013,
New Orleans Saints Defense,@ATL,12.68,22,30,39,292,-,-,2,10,-,1,1,12,2013,
Chicago Bears Defense,@STL,12.38,23,10,22,167,-,1,3,-3,-,-,-,12,2013,
New England Patriots Defense,DEN,12,24,19,36,150,1,2,1,-,-,-,-,12,2013,
Houston Texans Defense,JAC,9.86,25,23,32,239,-,-,3,3,-,1,1,12,2013,
San Francisco 49ers Defense,@WAS,5.42,26,16,26,118,1,-,4,27,-,-,-,12,2013,
Jacksonville Jaguars Defense,@HOU,4.96,27,18,34,169,1,-,1,2,-,-,-,12,2013,
Baltimore Ravens Defense,NYJ,2.98,28,9,22,127,2,-,3,6,-,-,-,12,2013,
Philadelphia Eagles Defense,Bye,0,29,-,-,-,-,-,-,-,-,-,-,12,2013,
Buffalo Bills Defense,Bye,0,29,-,-,-,-,-,-,-,-,-,-,12,2013,
Seattle Seahawks Defense,Bye,0,29,-,-,-,-,-,-,-,-,-,-,12,2013,
Cincinnati Bengals Defense,Bye,0,29,-,-,-,-,-,-,-,-,-,-,12,2013,
Kansas City Chiefs Defense,DEN,31.82,1,22,35,403,2,5,3,-3,-,-,-,13,2013,
New Orleans Saints Defense,@SEA,29.1,2,22,30,310,-,3,8,47,-,2,-,13,2013,
Tampa Bay Buccaneers Defense,@CAR,27.52,3,18,29,263,2,2,6,70,1,3,1,13,2013,
Arizona Cardinals Defense,@PHI,23.68,4,21,34,237,-,3,9,22,-,3,3,13,2013,
Denver Broncos Defense,@KC,22.32,5,26,42,293,1,2,4,46,-,-,-,13,2013,
Minnesota Vikings Defense,CHI,22.2,6,23,36,355,-,2,-,-,-,-,-,13,2013,
New York Jets Defense,MIA,21.44,7,28,43,331,1,2,3,22,-,-,-,13,2013,
Jacksonville Jaguars Defense,@CLE,21.3,8,24,40,370,2,3,2,5,-,-,-,13,2013,
New York Giants Defense,@WAS,21.08,9,24,32,207,-,1,12,88,-,1,-,13,2013,
Houston Texans Defense,NE,20.84,10,29,41,371,1,2,-,-,-,-,-,13,2013,
Green Bay Packers Defense,@DET,19.8,11,22,35,330,2,3,3,6,-,-,-,13,2013,
Baltimore Ravens Defense,PIT,19.38,12,28,44,257,-,2,1,11,-,-,-,13,2013,
Atlanta Falcons Defense,@BUF,18.7,13,18,32,210,-,1,4,3,1,3,2,13,2013,
Philadelphia Eagles Defense,ARI,17.98,14,24,41,302,2,3,1,-1,-,-,-,13,2013,
St. Louis Rams Defense,@SF,17.1,15,19,28,275,-,1,4,21,-,-,-,13,2013,
Buffalo Bills Defense,ATL,16.14,16,28,47,311,-,1,2,17,-,-,-,13,2013,
New England Patriots Defense,@HOU,15.48,17,15,30,272,1,-,3,6,1,2,-,13,2013,
Indianapolis Colts Defense,TEN,15.44,18,21,37,201,3,1,8,54,1,3,3,13,2013,
Pittsburgh Steelers Defense,@BAL,14.74,19,24,35,251,-,1,4,7,-,-,-,13,2013,
Cleveland Browns Defense,JAC,13.8,20,22,40,195,1,2,-,-,-,-,-,13,2013,
Chicago Bears Defense,@MIN,13.32,21,23,41,283,1,1,1,-,-,-,-,13,2013,
Oakland Raiders Defense,@DAL,12.9,22,23,32,225,-,1,1,-1,-,-,-,13,2013,
San Francisco 49ers Defense,STL,12.82,23,19,37,218,1,1,3,21,-,1,-,13,2013,
Cincinnati Bengals Defense,@SD,12.48,24,23,37,252,1,1,1,4,-,-,-,13,2013,
Washington Redskins Defense,NYG,11.4,25,22,28,235,1,1,3,-,-,-,-,13,2013,
San Diego Chargers Defense,CIN,10.5,26,14,23,190,1,1,3,9,-,2,2,13,2013,
Tennessee Titans Defense,@IND,10.2,27,17,32,200,1,-,5,42,-,-,-,13,2013,
Dallas Cowboys Defense,OAK,8.1,28,18,30,255,1,-,2,-1,-,-,-,13,2013,
Seattle Seahawks Defense,NO,7.78,29,23,38,147,-,1,1,-1,-,-,-,13,2013,
Carolina Panthers Defense,TB,3.5,30,14,21,180,1,-,2,3,-,-,-,13,2013,
Detroit Lions Defense,GB,-0.04,31,10,20,139,1,-,2,4,-,1,1,13,2013,
Miami Dolphins Defense,@NYJ,-1.28,32,13,28,108,2,-,3,4,-,-,-,13,2013,
Dallas Cowboys Defense,@CHI,39.52,1,27,36,348,-,4,3,16,1,2,1,14,2013,
Cincinnati Bengals Defense,IND,32.24,2,29,46,326,-,4,2,32,-,-,-,14,2013,
Tennessee Titans Defense,@DEN,31.78,3,39,59,397,-,4,3,-1,-,-,-,14,2013,
New England Patriots Defense,CLE,30.34,4,29,44,391,-,3,2,27,-,-,-,14,2013,
Indianapolis Colts Defense,@CIN,30.1,5,24,35,275,-,3,5,11,1,1,-,14,2013,
Carolina Panthers Defense,@NO,28.82,6,30,42,313,-,4,3,3,-,-,-,14,2013,
Miami Dolphins Defense,@PIT,25.26,7,23,39,349,-,3,1,8,-,-,-,14,2013,
Pittsburgh Steelers Defense,MIA,23.6,8,20,33,200,1,3,3,56,-,-,-,14,2013,
Cleveland Browns Defense,@NE,22.82,9,32,52,418,1,2,2,1,-,-,-,14,2013,
Oakland Raiders Defense,@NYJ,21.76,10,16,25,219,1,1,5,50,1,1,1,14,2013,
Jacksonville Jaguars Defense,HOU,20.28,11,33,58,357,2,2,2,20,-,-,-,14,2013,
Minnesota Vikings Defense,@BAL,20,12,28,50,245,3,3,1,22,-,-,-,14,2013,
New York Giants Defense,@SD,19.76,13,21,28,249,-,3,3,-2,-,-,-,14,2013,
Detroit Lions Defense,@PHI,19.46,14,11,22,179,1,1,6,23,1,3,3,14,2013,
Baltimore Ravens Defense,MIN,19.2,15,17,38,265,-,2,2,6,-,-,-,14,2013,
New York Jets Defense,OAK,19,16,20,36,265,1,2,5,24,-,1,-,14,2013,
Chicago Bears Defense,DAL,17.66,17,14,25,144,-,3,1,-1,-,-,-,14,2013,
Houston Texans Defense,@JAC,15.98,18,12,27,117,-,2,4,33,-,-,-,14,2013,
New Orleans Saints Defense,CAR,15.2,19,22,34,160,-,1,6,48,-,2,1,14,2013,
St. Louis Rams Defense,@ARI,14.66,20,27,32,269,-,1,1,-1,-,-,-,14,2013,
Kansas City Chiefs Defense,@WAS,13.82,21,19,42,223,1,1,4,29,-,-,-,14,2013,
Atlanta Falcons Defense,@GB,13.12,22,24,32,258,1,1,6,28,-,-,-,14,2013,
Washington Redskins Defense,KC,12.56,23,15,23,154,1,2,5,4,-,1,-,14,2013,
Green Bay Packers Defense,ATL,12.24,24,20,35,206,1,2,-,-,-,-,-,14,2013,
Seattle Seahawks Defense,@SF,12.1,25,15,29,175,1,1,9,31,-,2,-,14,2013,
San Diego Chargers Defense,NYG,10.36,26,20,32,259,2,1,-,-,-,-,-,14,2013,
San Francisco 49ers Defense,SEA,10.16,27,15,25,199,1,1,1,2,-,-,-,14,2013,
Denver Broncos Defense,TEN,9.28,28,13,24,172,1,1,1,4,-,-,-,14,2013,
Buffalo Bills Defense,@TB,7.6,29,9,25,90,2,2,1,-,-,-,-,14,2013,
Philadelphia Eagles Defense,DET,5.94,30,10,25,151,-,-,6,-1,-,-,-,14,2013,
Arizona Cardinals Defense,STL,4.24,31,16,27,181,2,-,2,10,-,-,-,14,2013,
Tampa Bay Buccaneers Defense,BUF,2.26,32,18,33,184,4,-,5,29,-,-,-,14,2013,
Minnesota Vikings Defense,PHI,33.22,1,30,48,428,1,3,5,41,-,2,-,15,2013,
Oakland Raiders Defense,KC,32.32,2,20,25,318,-,5,5,16,-,1,-,15,2013,
Arizona Cardinals Defense,@TEN,30.28,3,36,58,402,2,4,3,22,-,-,-,15,2013,
Philadelphia Eagles Defense,@MIN,29.18,4,26,35,382,1,2,3,19,1,1,2,15,2013,
Dallas Cowboys Defense,GB,25.66,5,26,39,299,1,4,3,-3,-,-,-,15,2013,
New England Patriots Defense,@MIA,24.38,6,25,37,312,-,3,1,-1,-,-,-,15,2013,
Jacksonville Jaguars Defense,BUF,21.42,7,17,24,193,1,2,10,37,1,3,-,15,2013,
Atlanta Falcons Defense,WAS,21.24,8,29,45,381,2,3,-,-,-,-,-,15,2013,
Miami Dolphins Defense,NE,20.56,9,34,55,364,1,2,-,-,-,-,-,15,2013,
St. Louis Rams Defense,NO,20.52,10,39,56,393,2,1,2,8,1,1,1,15,2013,
Tampa Bay Buccaneers Defense,SF,20.02,11,19,29,203,-,2,7,39,-,-,-,15,2013,
Cleveland Browns Defense,CHI,19.7,12,22,31,265,2,3,3,11,-,-,-,15,2013,
Pittsburgh Steelers Defense,CIN,19.2,13,25,44,230,-,2,4,20,-,1,-,15,2013,
Green Bay Packers Defense,@DAL,18.32,14,29,48,358,2,2,-,-,-,-,-,15,2013,
San Diego Chargers Defense,@DEN,17.56,15,27,41,289,1,2,-,-,-,-,-,15,2013,
New York Jets Defense,@CAR,16.12,16,16,24,273,-,1,7,12,-,3,-,15,2013,
Houston Texans Defense,@IND,16.1,17,19,32,180,1,2,5,29,-,-,-,15,2013,
New York Giants Defense,SEA,15.88,18,20,29,222,1,1,8,50,-,1,-,15,2013,
Buffalo Bills Defense,@JAC,15.68,19,21,36,237,2,2,4,22,-,-,-,15,2013,
Denver Broncos Defense,SD,15.54,20,12,20,166,-,2,3,9,-,-,-,15,2013,
New Orleans Saints Defense,@STL,14.82,21,14,20,158,-,2,3,5,-,-,-,15,2013,
San Francisco 49ers Defense,@TB,13.16,22,18,34,179,1,2,-,-,-,-,-,15,2013,
Tennessee Titans Defense,ARI,13.14,23,20,30,231,-,1,2,-1,-,-,-,15,2013,
Carolina Panthers Defense,NYJ,13.08,24,15,28,167,1,1,6,44,-,-,-,15,2013,
Chicago Bears Defense,@CLE,12.62,25,23,39,273,2,1,1,17,-,-,-,15,2013,
Kansas City Chiefs Defense,@OAK,10.26,26,19,40,309,5,2,4,19,-,-,-,15,2013,
Detroit Lions Defense,BAL,10.18,27,20,38,222,-,-,2,13,-,-,-,15,2013,
Cincinnati Bengals Defense,@PIT,9.64,28,20,25,191,1,1,-,-,-,-,-,15,2013,
Baltimore Ravens Defense,@DET,8.3,29,18,34,235,3,1,2,9,-,-,-,15,2013,
Washington Redskins Defense,@ATL,8.3,29,29,38,210,1,1,1,-1,-,-,-,15,2013,
Indianapolis Colts Defense,HOU,2.92,31,18,34,168,2,-,1,2,-,-,-,15,2013,
Seattle Seahawks Defense,@NYG,-2.56,32,22,35,186,5,-,-,-,-,-,-,15,2013,
Houston Texans Defense,DEN,32,1,32,51,400,-,4,-,-,-,-,-,16,2013,
Minnesota Vikings Defense,@CIN,31.82,2,27,38,363,-,4,5,13,-,-,-,16,2013,
Cleveland Browns Defense,@NYJ,27.36,3,20,36,214,-,2,10,48,1,2,1,16,2013,
Atlanta Falcons Defense,@SF,22.98,4,13,21,197,-,1,6,51,1,1,1,16,2013,
Green Bay Packers Defense,PIT,19.98,5,16,28,167,1,2,1,13,1,1,-,16,2013,
Chicago Bears Defense,@PHI,18.7,6,21,25,230,-,2,4,15,-,1,-,16,2013,
San Francisco 49ers Defense,ATL,17.92,7,37,48,348,2,2,-,-,-,-,-,16,2013,
Tennessee Titans Defense,@JAC,15.58,8,24,34,237,1,2,1,1,-,-,-,16,2013,
Washington Redskins Defense,DAL,14.94,9,17,27,226,1,2,1,-1,-,1,-,16,2013,
Philadelphia Eagles Defense,CHI,14.88,10,22,39,242,1,1,3,12,-,-,-,16,2013,
New England Patriots Defense,@BAL,14.38,11,23,42,262,3,-,5,39,1,1,1,16,2013,
Kansas City Chiefs Defense,IND,14.14,12,26,37,241,-,1,6,5,-,1,-,16,2013,
Carolina Panthers Defense,NO,12.14,13,30,45,281,2,1,1,9,-,-,-,16,2013,
Detroit Lions Defense,NYG,12.04,14,23,42,256,1,1,2,-2,-,-,-,16,2013,
Baltimore Ravens Defense,NE,10.88,15,14,26,172,-,1,-,-,-,-,-,16,2013,
Dallas Cowboys Defense,@WAS,10.88,15,21,36,197,1,1,2,10,-,-,-,16,2013,
Pittsburgh Steelers Defense,@GB,10.08,17,21,39,232,1,1,2,8,-,-,-,16,2013,
New Orleans Saints Defense,@CAR,9.84,18,13,22,181,1,1,4,6,-,-,-,16,2013,
Arizona Cardinals Defense,@SEA,9.52,19,11,27,108,1,1,2,32,-,-,-,16,2013,
Jacksonville Jaguars Defense,TEN,9.34,20,17,26,181,1,1,3,1,-,-,-,16,2013,
Oakland Raiders Defense,@SD,7.74,21,19,29,201,1,1,4,-3,-,-,-,16,2013,
Denver Broncos Defense,@HOU,7.54,22,18,37,176,2,1,1,5,-,-,-,16,2013,
Miami Dolphins Defense,@BUF,7.02,23,15,25,193,1,-,8,13,-,-,-,16,2013,
New York Giants Defense,@DET,6.78,24,25,42,222,2,-,1,-1,-,-,-,16,2013,
San Diego Chargers Defense,OAK,6.74,25,20,36,206,1,-,1,5,-,1,-,16,2013,
New York Jets Defense,CLE,5.22,26,18,40,178,2,-,2,21,-,1,-,16,2013,
Indianapolis Colts Defense,@KC,4.82,27,16,28,153,1,-,6,47,-,-,-,16,2013,
St. Louis Rams Defense,TB,4.62,28,16,26,158,-,-,2,3,-,-,-,16,2013,
Tampa Bay Buccaneers Defense,@STL,4.32,29,16,20,158,-,-,4,-,-,2,1,16,2013,
Seattle Seahawks Defense,ARI,2.82,30,13,25,178,4,1,5,-3,-,-,-,16,2013,
Cincinnati Bengals Defense,MIN,2.16,31,13,27,114,3,1,3,16,-,-,-,16,2013,
Buffalo Bills Defense,MIA,1.4,32,12,33,135,2,-,-,-,-,-,-,16,2013,
Tampa Bay Buccaneers Defense,@NO,37.84,1,24,31,381,-,4,3,6,1,1,-,17,2013,
Oakland Raiders Defense,DEN,29.94,2,34,41,351,-,4,1,-1,-,-,-,17,2013,
Arizona Cardinals Defense,SF,22.8,3,21,34,310,-,2,4,24,-,-,-,17,2013,
San Francisco 49ers Defense,@ARI,22.18,4,28,49,407,1,2,1,-1,-,-,-,17,2013,
Baltimore Ravens Defense,@CIN,19.54,5,21,36,281,4,2,6,23,1,1,1,17,2013,
Kansas City Chiefs Defense,@SD,19.36,6,22,33,229,1,3,3,2,-,1,1,17,2013,
Denver Broncos Defense,@OAK,19.18,7,21,38,207,-,2,9,49,-,-,-,17,2013,
Atlanta Falcons Defense,CAR,19.16,8,15,27,149,1,2,12,72,-,-,-,17,2013,
Philadelphia Eagles Defense,@DAL,19.12,9,30,46,358,2,2,1,8,-,-,-,17,2013,
Miami Dolphins Defense,NYJ,18,10,17,27,190,-,-,10,44,1,2,1,17,2013,
San Diego Chargers Defense,KC,17.9,11,21,30,200,-,1,7,59,-,-,-,17,2013,
Chicago Bears Defense,GB,17.22,12,25,39,318,2,2,1,5,-,-,-,17,2013,
Carolina Panthers Defense,@ATL,17.1,13,28,40,280,1,2,2,-1,-,-,-,17,2013,
Jacksonville Jaguars Defense,@IND,16.88,14,29,41,307,-,1,3,6,-,1,-,17,2013,
Dallas Cowboys Defense,PHI,16.02,15,17,26,263,-,2,5,-5,-,1,1,17,2013,
Indianapolis Colts Defense,JAC,15.24,16,30,51,331,1,1,1,-,-,-,-,17,2013,
Green Bay Packers Defense,@CHI,15.04,17,15,24,226,1,2,-,-,-,-,-,17,2013,
New Orleans Saints Defense,TB,14.76,18,22,41,219,1,2,-,-,-,-,-,17,2013,
New England Patriots Defense,BUF,14.28,19,16,29,247,-,1,2,4,-,-,-,17,2013,
Minnesota Vikings Defense,DET,12.68,20,22,33,217,-,1,-,-,-,-,-,17,2013,
St. Louis Rams Defense,@SEA,10.78,21,15,23,172,-,1,5,-1,-,1,-,17,2013,
Pittsburgh Steelers Defense,CLE,10.2,22,23,41,240,1,1,1,6,-,-,-,17,2013,
Detroit Lions Defense,@MIN,10.06,23,20,33,189,1,1,4,5,-,3,-,17,2013,
Buffalo Bills Defense,@NE,8.58,24,14,24,122,1,1,4,-3,-,-,-,17,2013,
Cleveland Browns Defense,@PIT,8.06,25,19,31,179,2,1,4,9,-,-,-,17,2013,
New York Jets Defense,@MIA,8.06,25,20,40,204,3,1,2,19,-,-,-,17,2013,
Seattle Seahawks Defense,STL,6.48,27,21,30,157,2,1,2,2,-,-,-,17,2013,
Washington Redskins Defense,@NYG,6.32,28,12,32,163,2,1,3,-2,-,-,-,17,2013,
Cincinnati Bengals Defense,BAL,5.78,29,30,50,192,3,1,1,1,-,-,-,17,2013,
Houston Texans Defense,@TEN,4.44,30,15,24,166,1,-,2,-2,-,-,-,17,2013,
Tennessee Titans Defense,HOU,3.86,31,22,34,229,2,-,2,7,-,-,-,17,2013,
New York Giants Defense,WAS,1.06,32,19,49,169,2,-,1,3,-,1,-,17,2013,
